#
# There is insufficient memory for the Java Runtime Environment to continue.
# Native memory allocation (mmap) failed to map 505413632 bytes. Error detail: G1 virtual space
# Possible reasons:
#   The system is out of physical RAM or swap space
#   This process is running with CompressedOops enabled, and the Java Heap may be blocking the growth of the native heap
# Possible solutions:
#   Reduce memory load on the system
#   Increase physical memory or swap space
#   Check if swap backing store is full
#   Decrease Java heap size (-Xmx/-Xms)
#   Decrease number of Java threads
#   Decrease Java thread stack sizes (-Xss)
#   Set larger code cache with -XX:ReservedCodeCacheSize=
#   JVM is running with Unscaled Compressed Oops mode in which the Java heap is
#     placed in the first 4GB address space. The Java Heap base address is the
#     maximum limit for the native heap growth. Please use -XX:HeapBaseMinAddress
#     to set the Java Heap base and to place the Java Heap above 4GB virtual address.
# This output file may be truncated or incomplete.
#
#  Out of Memory Error (os_windows.cpp:3925), pid=27884, tid=32560
#
# JRE version: OpenJDK Runtime Environment (21.0.8) (build 21.0.8+-14196175-b1038.72)
# Java VM: OpenJDK 64-Bit Server VM (21.0.8+-14196175-b1038.72, mixed mode, tiered, compressed oops, compressed class ptrs, g1 gc, windows-amd64)
# No core dump will be written. Minidumps are not enabled by default on client versions of Windows
#

---------------  S U M M A R Y ------------

Command Line: --add-opens=java.base/java.lang=ALL-UNNAMED --add-opens=java.base/java.lang.invoke=ALL-UNNAMED --add-opens=java.base/java.util=ALL-UNNAMED --add-opens=java.prefs/java.util.prefs=ALL-UNNAMED --add-exports=jdk.compiler/com.sun.tools.javac.api=ALL-UNNAMED --add-exports=jdk.compiler/com.sun.tools.javac.util=ALL-UNNAMED --add-opens=java.base/java.util=ALL-UNNAMED --add-opens=java.prefs/java.util.prefs=ALL-UNNAMED --add-opens=java.base/java.nio.charset=ALL-UNNAMED --add-opens=java.base/java.net=ALL-UNNAMED --add-opens=java.base/java.util.concurrent=ALL-UNNAMED --add-opens=java.base/java.util.concurrent.atomic=ALL-UNNAMED --add-opens=java.xml/javax.xml.namespace=ALL-UNNAMED --add-opens=java.base/java.time=ALL-UNNAMED -Xmx2048m -Dfile.encoding=UTF-8 -Duser.country=CA -Duser.language=en -Duser.variant -javaagent:C:\Users\Alvin\.gradle\wrapper\dists\gradle-9.1.0-bin\9agqghryom9wkf8r80qlhnts3\gradle-9.1.0\lib\agents\gradle-instrumentation-agent-9.1.0.jar org.gradle.launcher.daemon.bootstrap.GradleDaemon 9.1.0

Host: AMD Ryzen 7 5800H with Radeon Graphics         , 16 cores, 15G,  Windows 11 , 64 bit Build 26100 (10.0.26100.7705)
Time: Mon Mar  9 15:29:32 2026 Mountain Daylight Time elapsed time: 25.830228 seconds (0d 0h 0m 25s)

---------------  T H R E A D  ---------------

Current thread (0x00000243fe8d8240):  VMThread "VM Thread"          [id=32560, stack(0x000000ca18300000,0x000000ca18400000) (1024K)]

Stack: [0x000000ca18300000,0x000000ca18400000]
Native frames: (J=compiled Java code, j=interpreted, Vv=VM code, C=native code)
V  [jvm.dll+0x6d68d9]
V  [jvm.dll+0x866693]
V  [jvm.dll+0x868c4e]
V  [jvm.dll+0x869333]
V  [jvm.dll+0x280566]
V  [jvm.dll+0x6d3195]
V  [jvm.dll+0x6c69ea]
V  [jvm.dll+0x3586db]
V  [jvm.dll+0x360336]
V  [jvm.dll+0x3b23f6]
V  [jvm.dll+0x3b26c8]
V  [jvm.dll+0x32ae6c]
V  [jvm.dll+0x32aef7]
V  [jvm.dll+0x370d3c]
V  [jvm.dll+0x36f4ee]
V  [jvm.dll+0x32a5c1]
V  [jvm.dll+0x36ebf0]
V  [jvm.dll+0x86f0b8]
V  [jvm.dll+0x870434]
V  [jvm.dll+0x870970]
V  [jvm.dll+0x870c03]
V  [jvm.dll+0x80eac8]
V  [jvm.dll+0x6d512d]
C  [ucrtbase.dll+0x37b0]
C  [KERNEL32.DLL+0x2e8d7]
C  [ntdll.dll+0x8c40c]

VM_Operation (0x000000ca25ff9ad0): G1CollectForAllocation, mode: safepoint, requested by thread 0x0000024396abd780


---------------  P R O C E S S  ---------------

Threads class SMR info:
_java_thread_list=0x0000024396db0e90, length=209, elements={
0x00000243f567cb50, 0x00000243fe95e750, 0x00000243fe9621d0, 0x00000243fe962c30,
0x00000243fe963dd0, 0x00000243fe9a2370, 0x00000243fe9a2dd0, 0x00000243fe9ab840,
0x00000243fe9e0b00, 0x00000243fe9e15a0, 0x00000243feb94520, 0x00000243fe7b4d00,
0x00000243fe7b53b0, 0x00000243fee59330, 0x00000243943d14c0, 0x00000243944d1710,
0x00000243943785e0, 0x00000243943a5710, 0x0000024394300e30, 0x0000024394350c50,
0x00000243943512e0, 0x0000024394351970, 0x00000243943505c0, 0x00000243944343b0,
0x0000024394436b10, 0x0000024394435df0, 0x0000024394436480, 0x0000024394433690,
0x0000024394437ec0, 0x0000024394438550, 0x0000024394435760, 0x0000024394438be0,
0x0000024394439270, 0x0000024394439900, 0x0000024394439f90, 0x0000024394437830,
0x000002439443a620, 0x00000243993a7230, 0x00000243993a85e0, 0x00000243993a9300,
0x00000243993a9990, 0x00000243993a8c70, 0x0000024398e1c5d0, 0x0000024398e1bf40,
0x0000024398e1cc60, 0x0000024398e1e010, 0x0000024398e1d2f0, 0x0000024398e1d980,
0x0000024398e1b220, 0x0000024398e1b8b0, 0x000002439ae30d40, 0x000002439ae31a60,
0x000002439ae320f0, 0x000002439ae32780, 0x000002439ae2f300, 0x000002439ae2f990,
0x000002439ae313d0, 0x000002439ae30020, 0x000002439ae35570, 0x000002439ae341c0,
0x000002439ae36290, 0x000002439ae35c00, 0x000002439ae36920, 0x00000243993a6ba0,
0x000002439cb62e30, 0x000002439cb60d60, 0x000002439cb606d0, 0x000002439cb613f0,
0x000002439cb61a80, 0x000002439cb62110, 0x000002439cb634c0, 0x000002439cb627a0,
0x000002439cb60040, 0x000002439cb65590, 0x000002439cb65c20, 0x000002439cb662b0,
0x000002439cb66940, 0x000002439cb66fd0, 0x000002439cb64f00, 0x000002439cb63b50,
0x000002439cb67660, 0x000002439cb641e0, 0x000002439cb64870, 0x00000243ff32c560,
0x00000243ff32cbf0, 0x00000243ff32b840, 0x00000243ff32d910, 0x00000243ff32d280,
0x00000243ff32bed0, 0x00000243ff32a490, 0x00000243ff32ab20, 0x00000243ff32dfa0,
0x00000243ff32e630, 0x00000243ff32b1b0, 0x00000243ff331ab0, 0x00000243ff32ecc0,
0x00000243ff32f9e0, 0x00000243ff32f350, 0x00000243ff330070, 0x00000243ff330700,
0x00000243ff331420, 0x00000243ff330d90, 0x0000024395b74e30, 0x0000024395b726d0,
0x0000024396ac1fb0, 0x0000024396abde10, 0x0000024396aa4620, 0x0000024396aa3880,
0x0000024396ac3360, 0x0000024396ac39f0, 0x0000024396ac4080, 0x000002439f1c15d0,
0x000002439f1c36a0, 0x000002439f1c1c60, 0x000002439f1c2980, 0x000002439f1c3010,
0x000002439ae334a0, 0x000002439ae34850, 0x00000243993a78c0, 0x0000024397529520,
0x0000024397529bb0, 0x0000024397527ae0, 0x000002439752a240, 0x000002439752a8d0,
0x0000024397527450, 0x0000024397528e90, 0x000002439752af60, 0x000002439752b5f0,
0x0000024397528170, 0x000002439752bc80, 0x0000024397528800, 0x000002439752dd50,
0x000002439752d6c0, 0x000002439752c9a0, 0x000002439752d030, 0x000002439752e3e0,
0x000002439752ea70, 0x000002439752f100, 0x000002439752f790, 0x000002439752c310,
0x0000024397532580, 0x0000024397531860, 0x00000243975304b0, 0x0000024397530b40,
0x000002439752fe20, 0x0000024397531ef0, 0x0000024397532c10, 0x00000243975332a0,
0x0000024397534650, 0x0000024397533930, 0x0000024397533fc0, 0x00000243975311d0,
0x0000024397535a00, 0x0000024397536090, 0x0000024397536720, 0x0000024397534ce0,
0x0000024399204f30, 0x0000024399203b80, 0x00000243992027d0, 0x0000024399205c50,
0x00000243992062e0, 0x0000024399202e60, 0x00000243992090d0, 0x0000024399207000,
0x0000024399207690, 0x0000024399207d20, 0x0000024399209df0, 0x00000243992083b0,
0x0000024399209760, 0x0000024399208a40, 0x0000024399206970, 0x0000024395b747a0,
0x000002439c031dc0, 0x000002439c033e90, 0x000002439c034520, 0x000002439c0310a0,
0x000002439c034bb0, 0x000002439c031730, 0x000002439c0358d0, 0x000002439c032450,
0x000002439c035240, 0x000002439c035f60, 0x000002439c032ae0, 0x000002439c0365f0,
0x000002439c036c80, 0x000002439c037310, 0x000002439c0379a0, 0x000002439c038030,
0x0000024396aaa580, 0x0000024396aa75d0, 0x0000024396a42570, 0x000002439c0386c0,
0x0000024395b76f00, 0x0000024395b782b0, 0x0000024395b77590, 0x0000024395b77c20,
0x0000024395b78940, 0x0000024395b761e0, 0x0000024395b754c0, 0x0000024395b78fd0,
0x0000024395b76870, 0x0000024396abf1c0, 0x0000024396abca60, 0x0000024396abfee0,
0x0000024396ac0570, 0x0000024396abe4a0, 0x0000024396abd780, 0x000002439ba19cb0,
0x000002439ba16630
}

Java Threads: ( => current thread )
  0x00000243f567cb50 JavaThread "main"                              [_thread_blocked, id=35788, stack(0x000000ca17c00000,0x000000ca17d00000) (1024K)]
  0x00000243fe95e750 JavaThread "Common-Cleaner"             daemon [_thread_blocked, id=35368, stack(0x000000ca18400000,0x000000ca18500000) (1024K)]
  0x00000243fe9621d0 JavaThread "Reference Handler"          daemon [_thread_blocked, id=16816, stack(0x000000ca18500000,0x000000ca18600000) (1024K)]
  0x00000243fe962c30 JavaThread "Finalizer"                  daemon [_thread_blocked, id=6632, stack(0x000000ca18600000,0x000000ca18700000) (1024K)]
  0x00000243fe963dd0 JavaThread "Signal Dispatcher"          daemon [_thread_blocked, id=37860, stack(0x000000ca18700000,0x000000ca18800000) (1024K)]
  0x00000243fe9a2370 JavaThread "Attach Listener"            daemon [_thread_blocked, id=28752, stack(0x000000ca18800000,0x000000ca18900000) (1024K)]
  0x00000243fe9a2dd0 JavaThread "Service Thread"             daemon [_thread_blocked, id=31932, stack(0x000000ca18900000,0x000000ca18a00000) (1024K)]
  0x00000243fe9ab840 JavaThread "Monitor Deflation Thread"   daemon [_thread_blocked, id=31292, stack(0x000000ca18a00000,0x000000ca18b00000) (1024K)]
  0x00000243fe9e0b00 JavaThread "C2 CompilerThread0"         daemon [_thread_in_native, id=31856, stack(0x000000ca18b00000,0x000000ca18c00000) (1024K)]
  0x00000243fe9e15a0 JavaThread "C1 CompilerThread0"         daemon [_thread_blocked, id=22048, stack(0x000000ca18c00000,0x000000ca18d00000) (1024K)]
  0x00000243feb94520 JavaThread "C1 CompilerThread1"         daemon [_thread_blocked, id=32384, stack(0x000000ca18d00000,0x000000ca18e00000) (1024K)]
  0x00000243fe7b4d00 JavaThread "C1 CompilerThread2"         daemon [_thread_blocked, id=32020, stack(0x000000ca18e00000,0x000000ca18f00000) (1024K)]
  0x00000243fe7b53b0 JavaThread "C1 CompilerThread3"         daemon [_thread_blocked, id=34656, stack(0x000000ca18f00000,0x000000ca19000000) (1024K)]
  0x00000243fee59330 JavaThread "Notification Thread"        daemon [_thread_blocked, id=36660, stack(0x000000ca19000000,0x000000ca19100000) (1024K)]
  0x00000243943d14c0 JavaThread "Daemon health stats"               [_thread_blocked, id=35196, stack(0x000000ca19700000,0x000000ca19800000) (1024K)]
  0x00000243944d1710 JavaThread "Incoming local TCP Connector on port 49208"        [_thread_in_native, id=11840, stack(0x000000ca19800000,0x000000ca19900000) (1024K)]
  0x00000243943785e0 JavaThread "Daemon periodic checks"            [_thread_blocked, id=35156, stack(0x000000ca19900000,0x000000ca19a00000) (1024K)]
  0x00000243943a5710 JavaThread "Daemon"                            [_thread_blocked, id=16996, stack(0x000000ca19a00000,0x000000ca19b00000) (1024K)]
  0x0000024394300e30 JavaThread "Handler for socket connection from /127.0.0.1:49208 to /127.0.0.1:49210"        [_thread_in_native, id=2312, stack(0x000000ca19b00000,0x000000ca19c00000) (1024K)]
  0x0000024394350c50 JavaThread "Cancel handler"                    [_thread_blocked, id=35208, stack(0x000000ca19c00000,0x000000ca19d00000) (1024K)]
  0x00000243943512e0 JavaThread "Daemon worker"                     [_thread_blocked, id=34556, stack(0x000000ca19d00000,0x000000ca19e00000) (1024K)]
  0x0000024394351970 JavaThread "Asynchronous log dispatcher for DefaultDaemonConnection: socket connection from /127.0.0.1:49208 to /127.0.0.1:49210"        [_thread_blocked, id=13784, stack(0x000000ca19e00000,0x000000ca19f00000) (1024K)]
  0x00000243943505c0 JavaThread "Stdin handler"                     [_thread_blocked, id=13024, stack(0x000000ca19f00000,0x000000ca1a000000) (1024K)]
  0x00000243944343b0 JavaThread "Daemon client event forwarder"        [_thread_blocked, id=35260, stack(0x000000ca1a000000,0x000000ca1a100000) (1024K)]
  0x0000024394436b10 JavaThread "Cache worker for journal cache (C:\Users\Alvin\.gradle\caches\journal-1)"        [_thread_blocked, id=22248, stack(0x000000ca1ab00000,0x000000ca1ac00000) (1024K)]
  0x0000024394435df0 JavaThread "File lock request listener"        [_thread_in_native, id=22088, stack(0x000000ca1ac00000,0x000000ca1ad00000) (1024K)]
  0x0000024394436480 JavaThread "Cache worker for file hash cache (C:\Users\Alvin\.gradle\caches\9.1.0\fileHashes)"        [_thread_blocked, id=24124, stack(0x000000ca1ad00000,0x000000ca1ae00000) (1024K)]
  0x0000024394433690 JavaThread "Cache worker for file hash cache (C:\Users\Alvin\school\Cmput301\avatar-state\LotteryApp\.gradle\9.1.0\fileHashes)"        [_thread_blocked, id=21140, stack(0x000000ca1af00000,0x000000ca1b000000) (1024K)]
  0x0000024394437ec0 JavaThread "Cache worker for Build Output Cleanup Cache (C:\Users\Alvin\school\Cmput301\avatar-state\LotteryApp\.gradle\buildOutputCleanup)"        [_thread_blocked, id=31900, stack(0x000000ca1b000000,0x000000ca1b100000) (1024K)]
  0x0000024394438550 JavaThread "File watcher server"        daemon [_thread_blocked, id=37168, stack(0x000000ca1b100000,0x000000ca1b200000) (1024K)]
  0x0000024394435760 JavaThread "File watcher consumer"      daemon [_thread_blocked, id=8744, stack(0x000000ca1b200000,0x000000ca1b300000) (1024K)]
  0x0000024394438be0 JavaThread "Cache worker for checksums cache (C:\Users\Alvin\school\Cmput301\avatar-state\LotteryApp\.gradle\9.1.0\checksums)"        [_thread_blocked, id=16060, stack(0x000000ca1b300000,0x000000ca1b400000) (1024K)]
  0x0000024394439270 JavaThread "Cache worker for file content cache (C:\Users\Alvin\.gradle\caches\9.1.0\fileContent)"        [_thread_blocked, id=37600, stack(0x000000ca1b400000,0x000000ca1b500000) (1024K)]
  0x0000024394439900 JavaThread "Cache worker for cache directory md-supplier (C:\Users\Alvin\.gradle\caches\9.1.0\md-supplier)"        [_thread_blocked, id=3224, stack(0x000000ca1b500000,0x000000ca1b600000) (1024K)]
  0x0000024394439f90 JavaThread "Cache worker for cache directory md-rule (C:\Users\Alvin\.gradle\caches\9.1.0\md-rule)"        [_thread_blocked, id=22804, stack(0x000000ca1b600000,0x000000ca1b700000) (1024K)]
  0x0000024394437830 JavaThread "jar transforms"                    [_thread_blocked, id=22284, stack(0x000000ca1b700000,0x000000ca1b800000) (1024K)]
  0x000002439443a620 JavaThread "jar transforms Thread 2"           [_thread_blocked, id=30852, stack(0x000000ca1b800000,0x000000ca1b900000) (1024K)]
  0x00000243993a7230 JavaThread "jar transforms Thread 3"           [_thread_blocked, id=732, stack(0x000000ca1ba00000,0x000000ca1bb00000) (1024K)]
  0x00000243993a85e0 JavaThread "Unconstrained build operations"        [_thread_blocked, id=13116, stack(0x000000ca1b900000,0x000000ca1ba00000) (1024K)]
  0x00000243993a9300 JavaThread "Unconstrained build operations Thread 2"        [_thread_blocked, id=37140, stack(0x000000ca1bb00000,0x000000ca1bc00000) (1024K)]
  0x00000243993a9990 JavaThread "Unconstrained build operations Thread 3"        [_thread_blocked, id=13856, stack(0x000000ca1bc00000,0x000000ca1bd00000) (1024K)]
  0x00000243993a8c70 JavaThread "Unconstrained build operations Thread 4"        [_thread_blocked, id=30656, stack(0x000000ca1bd00000,0x000000ca1be00000) (1024K)]
  0x0000024398e1c5d0 JavaThread "Unconstrained build operations Thread 5"        [_thread_blocked, id=35316, stack(0x000000ca1ae00000,0x000000ca1af00000) (1024K)]
  0x0000024398e1bf40 JavaThread "Unconstrained build operations Thread 6"        [_thread_blocked, id=23684, stack(0x000000ca1be00000,0x000000ca1bf00000) (1024K)]
  0x0000024398e1cc60 JavaThread "Unconstrained build operations Thread 7"        [_thread_blocked, id=35848, stack(0x000000ca1bf00000,0x000000ca1c000000) (1024K)]
  0x0000024398e1e010 JavaThread "Unconstrained build operations Thread 8"        [_thread_blocked, id=4556, stack(0x000000ca1c000000,0x000000ca1c100000) (1024K)]
  0x0000024398e1d2f0 JavaThread "Unconstrained build operations Thread 9"        [_thread_blocked, id=34972, stack(0x000000ca1c100000,0x000000ca1c200000) (1024K)]
  0x0000024398e1d980 JavaThread "Unconstrained build operations Thread 10"        [_thread_blocked, id=10764, stack(0x000000ca1c200000,0x000000ca1c300000) (1024K)]
  0x0000024398e1b220 JavaThread "jar transforms Thread 4"           [_thread_blocked, id=16852, stack(0x000000ca1c800000,0x000000ca1c900000) (1024K)]
  0x0000024398e1b8b0 JavaThread "jar transforms Thread 5"           [_thread_blocked, id=31548, stack(0x000000ca1c900000,0x000000ca1ca00000) (1024K)]
  0x000002439ae30d40 JavaThread "Unconstrained build operations Thread 11"        [_thread_blocked, id=6316, stack(0x000000ca1ca00000,0x000000ca1cb00000) (1024K)]
  0x000002439ae31a60 JavaThread "Unconstrained build operations Thread 12"        [_thread_blocked, id=33184, stack(0x000000ca1cb00000,0x000000ca1cc00000) (1024K)]
  0x000002439ae320f0 JavaThread "Unconstrained build operations Thread 13"        [_thread_blocked, id=14272, stack(0x000000ca1cc00000,0x000000ca1cd00000) (1024K)]
  0x000002439ae32780 JavaThread "Unconstrained build operations Thread 14"        [_thread_blocked, id=37884, stack(0x000000ca1cd00000,0x000000ca1ce00000) (1024K)]
  0x000002439ae2f300 JavaThread "Unconstrained build operations Thread 15"        [_thread_blocked, id=27972, stack(0x000000ca1ce00000,0x000000ca1cf00000) (1024K)]
  0x000002439ae2f990 JavaThread "jar transforms Thread 6"           [_thread_blocked, id=33556, stack(0x000000ca1c600000,0x000000ca1c700000) (1024K)]
  0x000002439ae313d0 JavaThread "jar transforms Thread 7"           [_thread_blocked, id=19980, stack(0x000000ca1c700000,0x000000ca1c800000) (1024K)]
  0x000002439ae30020 JavaThread "jar transforms Thread 8"           [_thread_blocked, id=18204, stack(0x000000ca1cf00000,0x000000ca1d000000) (1024K)]
  0x000002439ae35570 JavaThread "Unconstrained build operations Thread 16"        [_thread_blocked, id=11952, stack(0x000000ca1c400000,0x000000ca1c500000) (1024K)]
  0x000002439ae341c0 JavaThread "Unconstrained build operations Thread 17"        [_thread_blocked, id=25284, stack(0x000000ca1c500000,0x000000ca1c600000) (1024K)]
  0x000002439ae36290 JavaThread "Unconstrained build operations Thread 18"        [_thread_blocked, id=36176, stack(0x000000ca1d000000,0x000000ca1d100000) (1024K)]
  0x000002439ae35c00 JavaThread "Unconstrained build operations Thread 19"        [_thread_blocked, id=23408, stack(0x000000ca1d100000,0x000000ca1d200000) (1024K)]
  0x000002439ae36920 JavaThread "Unconstrained build operations Thread 20"        [_thread_blocked, id=21744, stack(0x000000ca1d200000,0x000000ca1d300000) (1024K)]
  0x00000243993a6ba0 JavaThread "Unconstrained build operations Thread 21"        [_thread_blocked, id=26044, stack(0x000000ca1d300000,0x000000ca1d400000) (1024K)]
  0x000002439cb62e30 JavaThread "Unconstrained build operations Thread 22"        [_thread_blocked, id=15728, stack(0x000000ca1d400000,0x000000ca1d500000) (1024K)]
  0x000002439cb60d60 JavaThread "Unconstrained build operations Thread 23"        [_thread_blocked, id=29840, stack(0x000000ca1d500000,0x000000ca1d600000) (1024K)]
  0x000002439cb606d0 JavaThread "Unconstrained build operations Thread 24"        [_thread_blocked, id=36092, stack(0x000000ca1d600000,0x000000ca1d700000) (1024K)]
  0x000002439cb613f0 JavaThread "Unconstrained build operations Thread 25"        [_thread_blocked, id=23104, stack(0x000000ca1d700000,0x000000ca1d800000) (1024K)]
  0x000002439cb61a80 JavaThread "Unconstrained build operations Thread 26"        [_thread_blocked, id=25644, stack(0x000000ca1d800000,0x000000ca1d900000) (1024K)]
  0x000002439cb62110 JavaThread "Unconstrained build operations Thread 27"        [_thread_blocked, id=16560, stack(0x000000ca1d900000,0x000000ca1da00000) (1024K)]
  0x000002439cb634c0 JavaThread "Unconstrained build operations Thread 28"        [_thread_blocked, id=16684, stack(0x000000ca1da00000,0x000000ca1db00000) (1024K)]
  0x000002439cb627a0 JavaThread "Unconstrained build operations Thread 29"        [_thread_blocked, id=34452, stack(0x000000ca1db00000,0x000000ca1dc00000) (1024K)]
  0x000002439cb60040 JavaThread "Unconstrained build operations Thread 30"        [_thread_blocked, id=3272, stack(0x000000ca1dc00000,0x000000ca1dd00000) (1024K)]
  0x000002439cb65590 JavaThread "Unconstrained build operations Thread 31"        [_thread_blocked, id=35240, stack(0x000000ca1dd00000,0x000000ca1de00000) (1024K)]
  0x000002439cb65c20 JavaThread "Unconstrained build operations Thread 32"        [_thread_blocked, id=27784, stack(0x000000ca1de00000,0x000000ca1df00000) (1024K)]
  0x000002439cb662b0 JavaThread "Unconstrained build operations Thread 33"        [_thread_blocked, id=31916, stack(0x000000ca1df00000,0x000000ca1e000000) (1024K)]
  0x000002439cb66940 JavaThread "Unconstrained build operations Thread 34"        [_thread_blocked, id=708, stack(0x000000ca1e000000,0x000000ca1e100000) (1024K)]
  0x000002439cb66fd0 JavaThread "Unconstrained build operations Thread 35"        [_thread_blocked, id=35888, stack(0x000000ca1e100000,0x000000ca1e200000) (1024K)]
  0x000002439cb64f00 JavaThread "Unconstrained build operations Thread 36"        [_thread_blocked, id=11988, stack(0x000000ca1e200000,0x000000ca1e300000) (1024K)]
  0x000002439cb63b50 JavaThread "Unconstrained build operations Thread 37"        [_thread_blocked, id=5200, stack(0x000000ca1e300000,0x000000ca1e400000) (1024K)]
  0x000002439cb67660 JavaThread "Unconstrained build operations Thread 38"        [_thread_blocked, id=33572, stack(0x000000ca1e400000,0x000000ca1e500000) (1024K)]
  0x000002439cb641e0 JavaThread "Unconstrained build operations Thread 39"        [_thread_blocked, id=35460, stack(0x000000ca1e500000,0x000000ca1e600000) (1024K)]
  0x000002439cb64870 JavaThread "Unconstrained build operations Thread 40"        [_thread_blocked, id=26168, stack(0x000000ca1e600000,0x000000ca1e700000) (1024K)]
  0x00000243ff32c560 JavaThread "Unconstrained build operations Thread 41"        [_thread_blocked, id=33040, stack(0x000000ca1e700000,0x000000ca1e800000) (1024K)]
  0x00000243ff32cbf0 JavaThread "Unconstrained build operations Thread 42"        [_thread_blocked, id=37124, stack(0x000000ca1e800000,0x000000ca1e900000) (1024K)]
  0x00000243ff32b840 JavaThread "Unconstrained build operations Thread 43"        [_thread_blocked, id=5124, stack(0x000000ca1e900000,0x000000ca1ea00000) (1024K)]
  0x00000243ff32d910 JavaThread "Unconstrained build operations Thread 44"        [_thread_blocked, id=14344, stack(0x000000ca1ea00000,0x000000ca1eb00000) (1024K)]
  0x00000243ff32d280 JavaThread "Unconstrained build operations Thread 45"        [_thread_blocked, id=21620, stack(0x000000ca1eb00000,0x000000ca1ec00000) (1024K)]
  0x00000243ff32bed0 JavaThread "Unconstrained build operations Thread 46"        [_thread_blocked, id=36672, stack(0x000000ca1ec00000,0x000000ca1ed00000) (1024K)]
  0x00000243ff32a490 JavaThread "Unconstrained build operations Thread 47"        [_thread_blocked, id=13548, stack(0x000000ca1ed00000,0x000000ca1ee00000) (1024K)]
  0x00000243ff32ab20 JavaThread "Unconstrained build operations Thread 48"        [_thread_blocked, id=6556, stack(0x000000ca1ee00000,0x000000ca1ef00000) (1024K)]
  0x00000243ff32dfa0 JavaThread "Unconstrained build operations Thread 49"        [_thread_blocked, id=6012, stack(0x000000ca1ef00000,0x000000ca1f000000) (1024K)]
  0x00000243ff32e630 JavaThread "Unconstrained build operations Thread 50"        [_thread_blocked, id=28632, stack(0x000000ca1f000000,0x000000ca1f100000) (1024K)]
  0x00000243ff32b1b0 JavaThread "Unconstrained build operations Thread 51"        [_thread_blocked, id=35344, stack(0x000000ca1f100000,0x000000ca1f200000) (1024K)]
  0x00000243ff331ab0 JavaThread "Unconstrained build operations Thread 52"        [_thread_blocked, id=30872, stack(0x000000ca1f200000,0x000000ca1f300000) (1024K)]
  0x00000243ff32ecc0 JavaThread "Unconstrained build operations Thread 53"        [_thread_blocked, id=16096, stack(0x000000ca1f300000,0x000000ca1f400000) (1024K)]
  0x00000243ff32f9e0 JavaThread "Unconstrained build operations Thread 54"        [_thread_blocked, id=32168, stack(0x000000ca1f400000,0x000000ca1f500000) (1024K)]
  0x00000243ff32f350 JavaThread "Unconstrained build operations Thread 55"        [_thread_blocked, id=19368, stack(0x000000ca1f500000,0x000000ca1f600000) (1024K)]
  0x00000243ff330070 JavaThread "Unconstrained build operations Thread 56"        [_thread_blocked, id=35180, stack(0x000000ca1f600000,0x000000ca1f700000) (1024K)]
  0x00000243ff330700 JavaThread "Unconstrained build operations Thread 57"        [_thread_blocked, id=36880, stack(0x000000ca1f700000,0x000000ca1f800000) (1024K)]
  0x00000243ff331420 JavaThread "Unconstrained build operations Thread 58"        [_thread_blocked, id=20124, stack(0x000000ca1f800000,0x000000ca1f900000) (1024K)]
  0x00000243ff330d90 JavaThread "Unconstrained build operations Thread 59"        [_thread_blocked, id=35244, stack(0x000000ca1f900000,0x000000ca1fa00000) (1024K)]
  0x0000024395b74e30 JavaThread "Unconstrained build operations Thread 60"        [_thread_blocked, id=1080, stack(0x000000ca1fa00000,0x000000ca1fb00000) (1024K)]
  0x0000024395b726d0 JavaThread "build event listener"              [_thread_blocked, id=27548, stack(0x000000ca1c300000,0x000000ca1c400000) (1024K)]
  0x0000024396ac1fb0 JavaThread "Memory manager"                    [_thread_blocked, id=29292, stack(0x000000ca19200000,0x000000ca19300000) (1024K)]
  0x0000024396abde10 JavaThread "build event listener"              [_thread_blocked, id=3504, stack(0x000000ca1fd00000,0x000000ca1fe00000) (1024K)]
  0x0000024396aa4620 JavaThread "C2 CompilerThread1"         daemon [_thread_blocked, id=23412, stack(0x000000ca19100000,0x000000ca19200000) (1024K)]
  0x0000024396aa3880 JavaThread "C2 CompilerThread2"         daemon [_thread_blocked, id=7604, stack(0x000000ca1fb00000,0x000000ca1fc00000) (1024K)]
  0x0000024396ac3360 JavaThread "included builds"                   [_thread_blocked, id=21812, stack(0x000000ca1ff00000,0x000000ca20000000) (1024K)]
  0x0000024396ac39f0 JavaThread "Execution worker"                  [_thread_blocked, id=10448, stack(0x000000ca20000000,0x000000ca20100000) (1024K)]
  0x0000024396ac4080 JavaThread "Execution worker Thread 2"         [_thread_blocked, id=32432, stack(0x000000ca20100000,0x000000ca20200000) (1024K)]
  0x000002439f1c15d0 JavaThread "Execution worker Thread 3"         [_thread_blocked, id=34588, stack(0x000000ca20200000,0x000000ca20300000) (1024K)]
  0x000002439f1c36a0 JavaThread "Execution worker Thread 4"         [_thread_blocked, id=3804, stack(0x000000ca20300000,0x000000ca20400000) (1024K)]
  0x000002439f1c1c60 JavaThread "Execution worker Thread 5"         [_thread_blocked, id=30280, stack(0x000000ca20400000,0x000000ca20500000) (1024K)]
  0x000002439f1c2980 JavaThread "Execution worker Thread 6"         [_thread_blocked, id=3736, stack(0x000000ca20500000,0x000000ca20600000) (1024K)]
  0x000002439f1c3010 JavaThread "Execution worker Thread 7"         [_thread_blocked, id=33424, stack(0x000000ca20600000,0x000000ca20700000) (1024K)]
  0x000002439ae334a0 JavaThread "Execution worker Thread 8"         [_thread_blocked, id=32852, stack(0x000000ca20700000,0x000000ca20800000) (1024K)]
  0x000002439ae34850 JavaThread "Execution worker Thread 9"         [_thread_blocked, id=37660, stack(0x000000ca20800000,0x000000ca20900000) (1024K)]
  0x00000243993a78c0 JavaThread "Execution worker Thread 10"        [_thread_blocked, id=2536, stack(0x000000ca20900000,0x000000ca20a00000) (1024K)]
  0x0000024397529520 JavaThread "Execution worker Thread 11"        [_thread_blocked, id=12596, stack(0x000000ca20a00000,0x000000ca20b00000) (1024K)]
  0x0000024397529bb0 JavaThread "Execution worker Thread 12"        [_thread_blocked, id=33368, stack(0x000000ca20b00000,0x000000ca20c00000) (1024K)]
  0x0000024397527ae0 JavaThread "Execution worker Thread 13"        [_thread_blocked, id=35276, stack(0x000000ca20c00000,0x000000ca20d00000) (1024K)]
  0x000002439752a240 JavaThread "Execution worker Thread 14"        [_thread_blocked, id=32028, stack(0x000000ca20d00000,0x000000ca20e00000) (1024K)]
  0x000002439752a8d0 JavaThread "Execution worker Thread 15"        [_thread_blocked, id=8436, stack(0x000000ca20e00000,0x000000ca20f00000) (1024K)]
  0x0000024397527450 JavaThread "Cache worker for execution history cache (C:\Users\Alvin\school\Cmput301\avatar-state\LotteryApp\.gradle\9.1.0\executionHistory)"        [_thread_blocked, id=23208, stack(0x000000ca20f00000,0x000000ca21000000) (1024K)]
  0x0000024397528e90 JavaThread "Unconstrained build operations Thread 61"        [_thread_blocked, id=32180, stack(0x000000ca21000000,0x000000ca21100000) (1024K)]
  0x000002439752af60 JavaThread "Unconstrained build operations Thread 62"        [_thread_blocked, id=35952, stack(0x000000ca21100000,0x000000ca21200000) (1024K)]
  0x000002439752b5f0 JavaThread "Unconstrained build operations Thread 63"        [_thread_blocked, id=16056, stack(0x000000ca21200000,0x000000ca21300000) (1024K)]
  0x0000024397528170 JavaThread "Unconstrained build operations Thread 64"        [_thread_blocked, id=32544, stack(0x000000ca21300000,0x000000ca21400000) (1024K)]
  0x000002439752bc80 JavaThread "Unconstrained build operations Thread 65"        [_thread_blocked, id=33064, stack(0x000000ca21400000,0x000000ca21500000) (1024K)]
  0x0000024397528800 JavaThread "Unconstrained build operations Thread 66"        [_thread_blocked, id=21588, stack(0x000000ca21500000,0x000000ca21600000) (1024K)]
  0x000002439752dd50 JavaThread "Unconstrained build operations Thread 67"        [_thread_blocked, id=28272, stack(0x000000ca21600000,0x000000ca21700000) (1024K)]
  0x000002439752d6c0 JavaThread "Unconstrained build operations Thread 68"        [_thread_blocked, id=10056, stack(0x000000ca21700000,0x000000ca21800000) (1024K)]
  0x000002439752c9a0 JavaThread "Unconstrained build operations Thread 69"        [_thread_blocked, id=30360, stack(0x000000ca21800000,0x000000ca21900000) (1024K)]
  0x000002439752d030 JavaThread "Unconstrained build operations Thread 70"        [_thread_blocked, id=4632, stack(0x000000ca21900000,0x000000ca21a00000) (1024K)]
  0x000002439752e3e0 JavaThread "Unconstrained build operations Thread 71"        [_thread_blocked, id=5252, stack(0x000000ca21a00000,0x000000ca21b00000) (1024K)]
  0x000002439752ea70 JavaThread "Unconstrained build operations Thread 72"        [_thread_blocked, id=25576, stack(0x000000ca21b00000,0x000000ca21c00000) (1024K)]
  0x000002439752f100 JavaThread "Unconstrained build operations Thread 73"        [_thread_blocked, id=9588, stack(0x000000ca21c00000,0x000000ca21d00000) (1024K)]
  0x000002439752f790 JavaThread "Unconstrained build operations Thread 74"        [_thread_blocked, id=37068, stack(0x000000ca21d00000,0x000000ca21e00000) (1024K)]
  0x000002439752c310 JavaThread "Unconstrained build operations Thread 75"        [_thread_blocked, id=3604, stack(0x000000ca21e00000,0x000000ca21f00000) (1024K)]
  0x0000024397532580 JavaThread "WorkerExecutor Queue"              [_thread_blocked, id=32332, stack(0x000000ca21f00000,0x000000ca22000000) (1024K)]
  0x0000024397531860 JavaThread "Unconstrained build operations Thread 76"        [_thread_blocked, id=31632, stack(0x000000ca22000000,0x000000ca22100000) (1024K)]
  0x00000243975304b0 JavaThread "Unconstrained build operations Thread 77"        [_thread_blocked, id=32408, stack(0x000000ca22100000,0x000000ca22200000) (1024K)]
  0x0000024397530b40 JavaThread "Unconstrained build operations Thread 78"        [_thread_blocked, id=37456, stack(0x000000ca22200000,0x000000ca22300000) (1024K)]
  0x000002439752fe20 JavaThread "Unconstrained build operations Thread 79"        [_thread_blocked, id=31884, stack(0x000000ca22300000,0x000000ca22400000) (1024K)]
  0x0000024397531ef0 JavaThread "Unconstrained build operations Thread 80"        [_thread_blocked, id=26584, stack(0x000000ca22400000,0x000000ca22500000) (1024K)]
  0x0000024397532c10 JavaThread "Unconstrained build operations Thread 81"        [_thread_blocked, id=28864, stack(0x000000ca22500000,0x000000ca22600000) (1024K)]
  0x00000243975332a0 JavaThread "Unconstrained build operations Thread 82"        [_thread_blocked, id=20992, stack(0x000000ca22600000,0x000000ca22700000) (1024K)]
  0x0000024397534650 JavaThread "Unconstrained build operations Thread 83"        [_thread_blocked, id=27992, stack(0x000000ca22700000,0x000000ca22800000) (1024K)]
  0x0000024397533930 JavaThread "Unconstrained build operations Thread 84"        [_thread_blocked, id=5136, stack(0x000000ca22800000,0x000000ca22900000) (1024K)]
  0x0000024397533fc0 JavaThread "Unconstrained build operations Thread 85"        [_thread_blocked, id=35672, stack(0x000000ca22900000,0x000000ca22a00000) (1024K)]
  0x00000243975311d0 JavaThread "Unconstrained build operations Thread 86"        [_thread_blocked, id=35232, stack(0x000000ca22a00000,0x000000ca22b00000) (1024K)]
  0x0000024397535a00 JavaThread "Unconstrained build operations Thread 87"        [_thread_blocked, id=4016, stack(0x000000ca22b00000,0x000000ca22c00000) (1024K)]
  0x0000024397536090 JavaThread "Unconstrained build operations Thread 88"        [_thread_blocked, id=34548, stack(0x000000ca22c00000,0x000000ca22d00000) (1024K)]
  0x0000024397536720 JavaThread "Unconstrained build operations Thread 89"        [_thread_blocked, id=27528, stack(0x000000ca22d00000,0x000000ca22e00000) (1024K)]
  0x0000024397534ce0 JavaThread "Unconstrained build operations Thread 90"        [_thread_blocked, id=35060, stack(0x000000ca22e00000,0x000000ca22f00000) (1024K)]
  0x0000024399204f30 JavaThread "WorkerExecutor Queue Thread 2"        [_thread_blocked, id=33568, stack(0x000000ca22f00000,0x000000ca23000000) (1024K)]
  0x0000024399203b80 JavaThread "Unconstrained build operations Thread 91"        [_thread_blocked, id=1924, stack(0x000000ca23000000,0x000000ca23100000) (1024K)]
  0x00000243992027d0 JavaThread "Unconstrained build operations Thread 92"        [_thread_blocked, id=35972, stack(0x000000ca23100000,0x000000ca23200000) (1024K)]
  0x0000024399205c50 JavaThread "Unconstrained build operations Thread 93"        [_thread_blocked, id=28772, stack(0x000000ca23200000,0x000000ca23300000) (1024K)]
  0x00000243992062e0 JavaThread "Unconstrained build operations Thread 94"        [_thread_blocked, id=35048, stack(0x000000ca23300000,0x000000ca23400000) (1024K)]
  0x0000024399202e60 JavaThread "Unconstrained build operations Thread 95"        [_thread_blocked, id=35944, stack(0x000000ca23400000,0x000000ca23500000) (1024K)]
  0x00000243992090d0 JavaThread "Unconstrained build operations Thread 96"        [_thread_blocked, id=27176, stack(0x000000ca23500000,0x000000ca23600000) (1024K)]
  0x0000024399207000 JavaThread "Unconstrained build operations Thread 97"        [_thread_blocked, id=3744, stack(0x000000ca23600000,0x000000ca23700000) (1024K)]
  0x0000024399207690 JavaThread "Unconstrained build operations Thread 98"        [_thread_blocked, id=33024, stack(0x000000ca23700000,0x000000ca23800000) (1024K)]
  0x0000024399207d20 JavaThread "Unconstrained build operations Thread 99"        [_thread_blocked, id=12440, stack(0x000000ca23800000,0x000000ca23900000) (1024K)]
  0x0000024399209df0 JavaThread "Unconstrained build operations Thread 100"        [_thread_blocked, id=20300, stack(0x000000ca23900000,0x000000ca23a00000) (1024K)]
  0x00000243992083b0 JavaThread "Unconstrained build operations Thread 101"        [_thread_blocked, id=32548, stack(0x000000ca23a00000,0x000000ca23b00000) (1024K)]
  0x0000024399209760 JavaThread "Unconstrained build operations Thread 102"        [_thread_blocked, id=11704, stack(0x000000ca23b00000,0x000000ca23c00000) (1024K)]
  0x0000024399208a40 JavaThread "Unconstrained build operations Thread 103"        [_thread_blocked, id=14476, stack(0x000000ca23c00000,0x000000ca23d00000) (1024K)]
  0x0000024399206970 JavaThread "Unconstrained build operations Thread 104"        [_thread_blocked, id=36464, stack(0x000000ca23d00000,0x000000ca23e00000) (1024K)]
  0x0000024395b747a0 JavaThread "Unconstrained build operations Thread 105"        [_thread_blocked, id=18132, stack(0x000000ca23e00000,0x000000ca23f00000) (1024K)]
  0x000002439c031dc0 JavaThread "WorkerExecutor Queue Thread 3"        [_thread_blocked, id=36784, stack(0x000000ca1fc00000,0x000000ca1fd00000) (1024K)]
  0x000002439c033e90 JavaThread "Unconstrained build operations Thread 106"        [_thread_blocked, id=31236, stack(0x000000ca1fe00000,0x000000ca1ff00000) (1024K)]
  0x000002439c034520 JavaThread "Unconstrained build operations Thread 107"        [_thread_blocked, id=31724, stack(0x000000ca23f00000,0x000000ca24000000) (1024K)]
  0x000002439c0310a0 JavaThread "Unconstrained build operations Thread 108"        [_thread_blocked, id=19148, stack(0x000000ca24000000,0x000000ca24100000) (1024K)]
  0x000002439c034bb0 JavaThread "Unconstrained build operations Thread 109"        [_thread_blocked, id=23404, stack(0x000000ca24100000,0x000000ca24200000) (1024K)]
  0x000002439c031730 JavaThread "Unconstrained build operations Thread 110"        [_thread_blocked, id=436, stack(0x000000ca24200000,0x000000ca24300000) (1024K)]
  0x000002439c0358d0 JavaThread "Unconstrained build operations Thread 111"        [_thread_blocked, id=1992, stack(0x000000ca24300000,0x000000ca24400000) (1024K)]
  0x000002439c032450 JavaThread "Unconstrained build operations Thread 112"        [_thread_blocked, id=23484, stack(0x000000ca24400000,0x000000ca24500000) (1024K)]
  0x000002439c035240 JavaThread "Unconstrained build operations Thread 113"        [_thread_blocked, id=16364, stack(0x000000ca24500000,0x000000ca24600000) (1024K)]
  0x000002439c035f60 JavaThread "Unconstrained build operations Thread 114"        [_thread_blocked, id=33952, stack(0x000000ca24600000,0x000000ca24700000) (1024K)]
  0x000002439c032ae0 JavaThread "Unconstrained build operations Thread 115"        [_thread_blocked, id=26164, stack(0x000000ca24700000,0x000000ca24800000) (1024K)]
  0x000002439c0365f0 JavaThread "Unconstrained build operations Thread 116"        [_thread_blocked, id=4916, stack(0x000000ca24800000,0x000000ca24900000) (1024K)]
  0x000002439c036c80 JavaThread "Unconstrained build operations Thread 117"        [_thread_blocked, id=36164, stack(0x000000ca24900000,0x000000ca24a00000) (1024K)]
  0x000002439c037310 JavaThread "Unconstrained build operations Thread 118"        [_thread_blocked, id=3400, stack(0x000000ca24a00000,0x000000ca24b00000) (1024K)]
  0x000002439c0379a0 JavaThread "Unconstrained build operations Thread 119"        [_thread_blocked, id=4912, stack(0x000000ca24b00000,0x000000ca24c00000) (1024K)]
  0x000002439c038030 JavaThread "Unconstrained build operations Thread 120"        [_thread_blocked, id=28096, stack(0x000000ca24c00000,0x000000ca24d00000) (1024K)]
  0x0000024396aaa580 JavaThread "C2 CompilerThread3"         daemon [_thread_blocked, id=35628, stack(0x000000ca24d00000,0x000000ca24e00000) (1024K)]
  0x0000024396aa75d0 JavaThread "C2 CompilerThread4"         daemon [_thread_blocked, id=28560, stack(0x000000ca24e00000,0x000000ca24f00000) (1024K)]
  0x0000024396a42570 JavaThread "C2 CompilerThread5"         daemon [_thread_blocked, id=1528, stack(0x000000ca24f00000,0x000000ca25000000) (1024K)]
  0x000002439c0386c0 JavaThread "WorkerExecutor Queue Thread 4"        [_thread_blocked, id=37520, stack(0x000000ca25000000,0x000000ca25100000) (1024K)]
  0x0000024395b76f00 JavaThread "Unconstrained build operations Thread 121"        [_thread_blocked, id=34184, stack(0x000000ca25100000,0x000000ca25200000) (1024K)]
  0x0000024395b782b0 JavaThread "Unconstrained build operations Thread 122"        [_thread_blocked, id=31492, stack(0x000000ca25200000,0x000000ca25300000) (1024K)]
  0x0000024395b77590 JavaThread "Unconstrained build operations Thread 123"        [_thread_blocked, id=37868, stack(0x000000ca25300000,0x000000ca25400000) (1024K)]
  0x0000024395b77c20 JavaThread "Unconstrained build operations Thread 124"        [_thread_blocked, id=30836, stack(0x000000ca25400000,0x000000ca25500000) (1024K)]
  0x0000024395b78940 JavaThread "Unconstrained build operations Thread 125"        [_thread_blocked, id=2444, stack(0x000000ca25500000,0x000000ca25600000) (1024K)]
  0x0000024395b761e0 JavaThread "Unconstrained build operations Thread 126"        [_thread_blocked, id=36612, stack(0x000000ca25600000,0x000000ca25700000) (1024K)]
  0x0000024395b754c0 JavaThread "Unconstrained build operations Thread 127"        [_thread_blocked, id=768, stack(0x000000ca25700000,0x000000ca25800000) (1024K)]
  0x0000024395b78fd0 JavaThread "Unconstrained build operations Thread 128"        [_thread_blocked, id=22768, stack(0x000000ca25800000,0x000000ca25900000) (1024K)]
  0x0000024395b76870 JavaThread "Unconstrained build operations Thread 129"        [_thread_blocked, id=36296, stack(0x000000ca25900000,0x000000ca25a00000) (1024K)]
  0x0000024396abf1c0 JavaThread "Unconstrained build operations Thread 130"        [_thread_blocked, id=35076, stack(0x000000ca25a00000,0x000000ca25b00000) (1024K)]
  0x0000024396abca60 JavaThread "Unconstrained build operations Thread 131"        [_thread_blocked, id=34008, stack(0x000000ca25b00000,0x000000ca25c00000) (1024K)]
  0x0000024396abfee0 JavaThread "Unconstrained build operations Thread 132"        [_thread_blocked, id=15752, stack(0x000000ca25c00000,0x000000ca25d00000) (1024K)]
  0x0000024396ac0570 JavaThread "Unconstrained build operations Thread 133"        [_thread_blocked, id=30460, stack(0x000000ca25d00000,0x000000ca25e00000) (1024K)]
  0x0000024396abe4a0 JavaThread "Unconstrained build operations Thread 134"        [_thread_blocked, id=31536, stack(0x000000ca25e00000,0x000000ca25f00000) (1024K)]
  0x0000024396abd780 JavaThread "Unconstrained build operations Thread 135"        [_thread_blocked, id=32392, stack(0x000000ca25f00000,0x000000ca26000000) (1024K)]
  0x000002439ba19cb0 JavaThread "C2 CompilerThread6"         daemon [_thread_blocked, id=34648, stack(0x000000ca26000000,0x000000ca26100000) (1024K)]
  0x000002439ba16630 JavaThread "C2 CompilerThread7"         daemon [_thread_blocked, id=27420, stack(0x000000ca26100000,0x000000ca26200000) (1024K)]
Total: 209

Other Threads:
=>0x00000243fe8d8240 VMThread "VM Thread"                           [id=32560, stack(0x000000ca18300000,0x000000ca18400000) (1024K)]
  0x00000243fe8a19e0 WatcherThread "VM Periodic Task Thread"        [id=9488, stack(0x000000ca18200000,0x000000ca18300000) (1024K)]
  0x00000243f56d7110 WorkerThread "GC Thread#0"                     [id=29644, stack(0x000000ca17d00000,0x000000ca17e00000) (1024K)]
  0x00000243ff11bce0 WorkerThread "GC Thread#1"                     [id=34336, stack(0x000000ca19300000,0x000000ca19400000) (1024K)]
  0x00000243ff11c080 WorkerThread "GC Thread#2"                     [id=31128, stack(0x000000ca19400000,0x000000ca19500000) (1024K)]
  0x00000243ff101f90 WorkerThread "GC Thread#3"                     [id=36828, stack(0x000000ca19500000,0x000000ca19600000) (1024K)]
  0x00000243ff102330 WorkerThread "GC Thread#4"                     [id=4520, stack(0x000000ca19600000,0x000000ca19700000) (1024K)]
  0x00000243944c4c10 WorkerThread "GC Thread#5"                     [id=22764, stack(0x000000ca1a100000,0x000000ca1a200000) (1024K)]
  0x00000243944c4fb0 WorkerThread "GC Thread#6"                     [id=32412, stack(0x000000ca1a200000,0x000000ca1a300000) (1024K)]
  0x00000243944c5350 WorkerThread "GC Thread#7"                     [id=37856, stack(0x000000ca1a300000,0x000000ca1a400000) (1024K)]
  0x00000243944c5ac0 WorkerThread "GC Thread#8"                     [id=13264, stack(0x000000ca1a400000,0x000000ca1a500000) (1024K)]
  0x00000243944550f0 WorkerThread "GC Thread#9"                     [id=30748, stack(0x000000ca1a500000,0x000000ca1a600000) (1024K)]
  0x0000024394455490 WorkerThread "GC Thread#10"                    [id=33780, stack(0x000000ca1a600000,0x000000ca1a700000) (1024K)]
  0x00000243944781e0 WorkerThread "GC Thread#11"                    [id=33832, stack(0x000000ca1a700000,0x000000ca1a800000) (1024K)]
  0x0000024394479400 WorkerThread "GC Thread#12"                    [id=19468, stack(0x000000ca1a800000,0x000000ca1a900000) (1024K)]
  0x00000243f56e9e50 ConcurrentGCThread "G1 Main Marker"            [id=6560, stack(0x000000ca17e00000,0x000000ca17f00000) (1024K)]
  0x00000243f56ea860 WorkerThread "G1 Conc#0"                       [id=28552, stack(0x000000ca17f00000,0x000000ca18000000) (1024K)]
  0x0000024394490010 WorkerThread "G1 Conc#1"                       [id=33544, stack(0x000000ca1a900000,0x000000ca1aa00000) (1024K)]
  0x000002439448fc70 WorkerThread "G1 Conc#2"                       [id=4652, stack(0x000000ca1aa00000,0x000000ca1ab00000) (1024K)]
  0x00000243fe707f50 ConcurrentGCThread "G1 Refine#0"               [id=36436, stack(0x000000ca18000000,0x000000ca18100000) (1024K)]
  0x00000243fe708870 ConcurrentGCThread "G1 Service"                [id=3900, stack(0x000000ca18100000,0x000000ca18200000) (1024K)]
Total: 21

Threads with active compile tasks:
C2 CompilerThread0  25867 22753 %     4       com.android.tools.r8.internal.t52::b @ 924 (2121 bytes)
C1 CompilerThread0  25867 23893       2       com.android.tools.r8.internal.gv2::d (14 bytes)
C1 CompilerThread1  25867 23892       2       com.android.tools.r8.internal.r31::getValue (8 bytes)
C1 CompilerThread2  25867 23890       2       com.android.tools.r8.graph.u3$$Lambda/0x00000001012b2c48::apply (12 bytes)
C2 CompilerThread1  25867 23760 %     4       com.android.tools.r8.internal.u51::a @ 281 (3928 bytes)
C2 CompilerThread2  25867 23844       4       com.android.tools.r8.ir.optimize.d1::a (1849 bytes)
C2 CompilerThread3  25867 23043       4       com.android.tools.r8.ir.optimize.y::a (555 bytes)
C2 CompilerThread4  25867 23503 %     4       com.android.tools.r8.internal.cl::a @ 929 (1828 bytes)
C2 CompilerThread5  25867 23673       4       com.android.tools.r8.ir.optimize.z0::a (278 bytes)
C2 CompilerThread6  25867 23842       4       com.android.tools.r8.internal.u51::b (911 bytes)
C2 CompilerThread7  25868 23851 %     4       com.android.tools.r8.internal.t52::a @ 14 (2026 bytes)
Total: 11

VM state: at safepoint (normal execution)

VM Mutex/Monitor currently owned by a thread:  ([mutex/lock_event])
[0x00007fff4afb85b8] Threads_lock - owner thread: 0x00000243fe8d8240
[0x00007fff4afb86b8] Heap_lock - owner thread: 0x0000024396abd780

Heap address: 0x0000000080000000, size: 2048 MB, Compressed Oops mode: 32-bit

CDS archive(s) not mapped
Compressed class space mapped at: 0x0000000100000000-0x0000000140000000, reserved size: 1073741824
Narrow klass base: 0x0000000000000000, Narrow klass shift: 3, Narrow klass range: 0x140000000

GC Precious Log:
 CardTable entry size: 512
 Card Set container configuration: InlinePtr #cards 5 size 8 Array Of Cards #cards 12 size 40 Howl #buckets 4 coarsen threshold 1843 Howl Bitmap #cards 512 size 80 coarsen threshold 460 Card regions per heap region 1 cards per card region 2048
 CPUs: 16 total, 16 available
 Memory: 15720M
 Large Page Support: Disabled
 NUMA Support: Disabled
 Compressed Oops: Enabled (32-bit)
 Heap Region Size: 1M
 Heap Min Capacity: 8M
 Heap Initial Capacity: 246M
 Heap Max Capacity: 2G
 Pre-touch: Disabled
 Parallel Workers: 13
 Concurrent Workers: 3
 Concurrent Refinement Workers: 13
 Periodic GC: Disabled

Heap:
 garbage-first heap   total 467968K, used 272234K [0x0000000080000000, 0x0000000100000000)
  region size 1024K, 5 young (5120K), 5 survivors (5120K)
 Metaspace       used 149641K, committed 152000K, reserved 1179648K
  class space    used 21689K, committed 22848K, reserved 1048576K

Heap Regions: E=young(eden), S=young(survivor), O=old, HS=humongous(starts), HC=humongous(continues), CS=collection set, F=free, TAMS=top-at-mark-start, PB=parsable bottom
|   0|0x0000000080000000, 0x0000000080100000, 0x0000000080100000|100%|HS|  |TAMS 0x0000000080000000| PB 0x0000000080000000| Complete 
|   1|0x0000000080100000, 0x0000000080200000, 0x0000000080200000|100%|HC|  |TAMS 0x0000000080100000| PB 0x0000000080100000| Complete 
|   2|0x0000000080200000, 0x0000000080300000, 0x0000000080300000|100%|HC|  |TAMS 0x0000000080200000| PB 0x0000000080200000| Complete 
|   3|0x0000000080300000, 0x0000000080400000, 0x0000000080400000|100%| O|  |TAMS 0x0000000080300000| PB 0x0000000080300000| Untracked 
|   4|0x0000000080400000, 0x0000000080500000, 0x0000000080500000|100%| O|  |TAMS 0x0000000080400000| PB 0x0000000080400000| Untracked 
|   5|0x0000000080500000, 0x0000000080600000, 0x0000000080600000|100%| O|  |TAMS 0x0000000080500000| PB 0x0000000080500000| Untracked 
|   6|0x0000000080600000, 0x0000000080700000, 0x0000000080700000|100%|HS|  |TAMS 0x0000000080600000| PB 0x0000000080600000| Complete 
|   7|0x0000000080700000, 0x0000000080800000, 0x0000000080800000|100%| O|  |TAMS 0x0000000080700000| PB 0x0000000080700000| Untracked 
|   8|0x0000000080800000, 0x0000000080900000, 0x0000000080900000|100%| O|  |TAMS 0x0000000080800000| PB 0x0000000080800000| Untracked 
|   9|0x0000000080900000, 0x0000000080a00000, 0x0000000080a00000|100%| O|  |TAMS 0x0000000080900000| PB 0x0000000080900000| Untracked 
|  10|0x0000000080a00000, 0x0000000080b00000, 0x0000000080b00000|100%| O|  |TAMS 0x0000000080a00000| PB 0x0000000080a00000| Untracked 
|  11|0x0000000080b00000, 0x0000000080c00000, 0x0000000080c00000|100%| O|  |TAMS 0x0000000080b00000| PB 0x0000000080b00000| Untracked 
|  12|0x0000000080c00000, 0x0000000080d00000, 0x0000000080d00000|100%| O|  |TAMS 0x0000000080c00000| PB 0x0000000080c00000| Untracked 
|  13|0x0000000080d00000, 0x0000000080e00000, 0x0000000080e00000|100%| O|  |TAMS 0x0000000080d00000| PB 0x0000000080d00000| Untracked 
|  14|0x0000000080e00000, 0x0000000080f00000, 0x0000000080f00000|100%| O|  |TAMS 0x0000000080e00000| PB 0x0000000080e00000| Untracked 
|  15|0x0000000080f00000, 0x0000000081000000, 0x0000000081000000|100%| O|  |TAMS 0x0000000080f00000| PB 0x0000000080f00000| Untracked 
|  16|0x0000000081000000, 0x0000000081100000, 0x0000000081100000|100%| O|  |TAMS 0x0000000081000000| PB 0x0000000081000000| Untracked 
|  17|0x0000000081100000, 0x0000000081200000, 0x0000000081200000|100%| O|  |TAMS 0x0000000081100000| PB 0x0000000081100000| Untracked 
|  18|0x0000000081200000, 0x0000000081300000, 0x0000000081300000|100%| O|  |TAMS 0x0000000081200000| PB 0x0000000081200000| Untracked 
|  19|0x0000000081300000, 0x0000000081400000, 0x0000000081400000|100%| O|  |TAMS 0x0000000081300000| PB 0x0000000081300000| Untracked 
|  20|0x0000000081400000, 0x0000000081500000, 0x0000000081500000|100%| O|  |TAMS 0x0000000081400000| PB 0x0000000081400000| Untracked 
|  21|0x0000000081500000, 0x0000000081600000, 0x0000000081600000|100%| O|  |TAMS 0x0000000081500000| PB 0x0000000081500000| Untracked 
|  22|0x0000000081600000, 0x0000000081700000, 0x0000000081700000|100%| O|  |TAMS 0x0000000081600000| PB 0x0000000081600000| Untracked 
|  23|0x0000000081700000, 0x0000000081800000, 0x0000000081800000|100%| O|  |TAMS 0x0000000081700000| PB 0x0000000081700000| Untracked 
|  24|0x0000000081800000, 0x0000000081900000, 0x0000000081900000|100%| O|  |TAMS 0x0000000081800000| PB 0x0000000081800000| Untracked 
|  25|0x0000000081900000, 0x0000000081a00000, 0x0000000081a00000|100%| O|  |TAMS 0x0000000081900000| PB 0x0000000081900000| Untracked 
|  26|0x0000000081a00000, 0x0000000081b00000, 0x0000000081b00000|100%| O|  |TAMS 0x0000000081a00000| PB 0x0000000081a00000| Untracked 
|  27|0x0000000081b00000, 0x0000000081c00000, 0x0000000081c00000|100%| O|  |TAMS 0x0000000081b00000| PB 0x0000000081b00000| Untracked 
|  28|0x0000000081c00000, 0x0000000081d00000, 0x0000000081d00000|100%| O|  |TAMS 0x0000000081c00000| PB 0x0000000081c00000| Untracked 
|  29|0x0000000081d00000, 0x0000000081e00000, 0x0000000081e00000|100%| O|  |TAMS 0x0000000081d00000| PB 0x0000000081d00000| Untracked 
|  30|0x0000000081e00000, 0x0000000081f00000, 0x0000000081f00000|100%| O|  |TAMS 0x0000000081e00000| PB 0x0000000081e00000| Untracked 
|  31|0x0000000081f00000, 0x0000000082000000, 0x0000000082000000|100%| O|  |TAMS 0x0000000081f00000| PB 0x0000000081f00000| Untracked 
|  32|0x0000000082000000, 0x0000000082100000, 0x0000000082100000|100%| O|  |TAMS 0x0000000082000000| PB 0x0000000082000000| Untracked 
|  33|0x0000000082100000, 0x0000000082200000, 0x0000000082200000|100%| O|  |TAMS 0x0000000082100000| PB 0x0000000082100000| Untracked 
|  34|0x0000000082200000, 0x0000000082300000, 0x0000000082300000|100%| O|  |TAMS 0x0000000082200000| PB 0x0000000082200000| Untracked 
|  35|0x0000000082300000, 0x0000000082400000, 0x0000000082400000|100%| O|  |TAMS 0x0000000082300000| PB 0x0000000082300000| Untracked 
|  36|0x0000000082400000, 0x0000000082500000, 0x0000000082500000|100%| O|  |TAMS 0x0000000082400000| PB 0x0000000082400000| Untracked 
|  37|0x0000000082500000, 0x0000000082600000, 0x0000000082600000|100%| O|  |TAMS 0x0000000082500000| PB 0x0000000082500000| Untracked 
|  38|0x0000000082600000, 0x0000000082700000, 0x0000000082700000|100%| O|  |TAMS 0x0000000082600000| PB 0x0000000082600000| Untracked 
|  39|0x0000000082700000, 0x0000000082800000, 0x0000000082800000|100%|HS|  |TAMS 0x0000000082700000| PB 0x0000000082700000| Complete 
|  40|0x0000000082800000, 0x0000000082900000, 0x0000000082900000|100%|HC|  |TAMS 0x0000000082800000| PB 0x0000000082800000| Complete 
|  41|0x0000000082900000, 0x0000000082a00000, 0x0000000082a00000|100%| O|  |TAMS 0x0000000082900000| PB 0x0000000082900000| Untracked 
|  42|0x0000000082a00000, 0x0000000082b00000, 0x0000000082b00000|100%| O|  |TAMS 0x0000000082a00000| PB 0x0000000082a00000| Untracked 
|  43|0x0000000082b00000, 0x0000000082c00000, 0x0000000082c00000|100%| O|  |TAMS 0x0000000082b00000| PB 0x0000000082b00000| Untracked 
|  44|0x0000000082c00000, 0x0000000082d00000, 0x0000000082d00000|100%| O|  |TAMS 0x0000000082c00000| PB 0x0000000082c00000| Untracked 
|  45|0x0000000082d00000, 0x0000000082e00000, 0x0000000082e00000|100%| O|  |TAMS 0x0000000082d00000| PB 0x0000000082d00000| Untracked 
|  46|0x0000000082e00000, 0x0000000082f00000, 0x0000000082f00000|100%| O|  |TAMS 0x0000000082e00000| PB 0x0000000082e00000| Untracked 
|  47|0x0000000082f00000, 0x0000000083000000, 0x0000000083000000|100%| O|  |TAMS 0x0000000082f00000| PB 0x0000000082f00000| Untracked 
|  48|0x0000000083000000, 0x0000000083100000, 0x0000000083100000|100%| O|  |TAMS 0x0000000083000000| PB 0x0000000083000000| Untracked 
|  49|0x0000000083100000, 0x0000000083200000, 0x0000000083200000|100%| O|  |TAMS 0x0000000083100000| PB 0x0000000083100000| Untracked 
|  50|0x0000000083200000, 0x0000000083300000, 0x0000000083300000|100%| O|  |TAMS 0x0000000083200000| PB 0x0000000083200000| Untracked 
|  51|0x0000000083300000, 0x0000000083400000, 0x0000000083400000|100%| O|  |TAMS 0x0000000083300000| PB 0x0000000083300000| Untracked 
|  52|0x0000000083400000, 0x0000000083500000, 0x0000000083500000|100%| O|  |TAMS 0x0000000083400000| PB 0x0000000083400000| Untracked 
|  53|0x0000000083500000, 0x0000000083600000, 0x0000000083600000|100%| O|  |TAMS 0x0000000083500000| PB 0x0000000083500000| Untracked 
|  54|0x0000000083600000, 0x0000000083700000, 0x0000000083700000|100%| O|  |TAMS 0x0000000083600000| PB 0x0000000083600000| Untracked 
|  55|0x0000000083700000, 0x0000000083800000, 0x0000000083800000|100%| O|  |TAMS 0x0000000083700000| PB 0x0000000083700000| Untracked 
|  56|0x0000000083800000, 0x0000000083900000, 0x0000000083900000|100%| O|  |TAMS 0x0000000083800000| PB 0x0000000083800000| Untracked 
|  57|0x0000000083900000, 0x0000000083a00000, 0x0000000083a00000|100%| O|  |TAMS 0x0000000083900000| PB 0x0000000083900000| Untracked 
|  58|0x0000000083a00000, 0x0000000083b00000, 0x0000000083b00000|100%| O|  |TAMS 0x0000000083a00000| PB 0x0000000083a00000| Untracked 
|  59|0x0000000083b00000, 0x0000000083c00000, 0x0000000083c00000|100%| O|  |TAMS 0x0000000083b00000| PB 0x0000000083b00000| Untracked 
|  60|0x0000000083c00000, 0x0000000083d00000, 0x0000000083d00000|100%| O|  |TAMS 0x0000000083c00000| PB 0x0000000083c00000| Untracked 
|  61|0x0000000083d00000, 0x0000000083e00000, 0x0000000083e00000|100%| O|  |TAMS 0x0000000083d00000| PB 0x0000000083d00000| Untracked 
|  62|0x0000000083e00000, 0x0000000083f00000, 0x0000000083f00000|100%| O|  |TAMS 0x0000000083e00000| PB 0x0000000083e00000| Untracked 
|  63|0x0000000083f00000, 0x0000000084000000, 0x0000000084000000|100%| O|  |TAMS 0x0000000083f00000| PB 0x0000000083f00000| Untracked 
|  64|0x0000000084000000, 0x0000000084100000, 0x0000000084100000|100%|HS|  |TAMS 0x0000000084000000| PB 0x0000000084000000| Complete 
|  65|0x0000000084100000, 0x0000000084200000, 0x0000000084200000|100%| O|  |TAMS 0x0000000084100000| PB 0x0000000084100000| Untracked 
|  66|0x0000000084200000, 0x0000000084300000, 0x0000000084300000|100%| O|  |TAMS 0x0000000084200000| PB 0x0000000084200000| Untracked 
|  67|0x0000000084300000, 0x0000000084400000, 0x0000000084400000|100%| O|  |TAMS 0x0000000084300000| PB 0x0000000084300000| Untracked 
|  68|0x0000000084400000, 0x0000000084500000, 0x0000000084500000|100%| O|  |TAMS 0x0000000084400000| PB 0x0000000084400000| Untracked 
|  69|0x0000000084500000, 0x0000000084600000, 0x0000000084600000|100%|HS|  |TAMS 0x0000000084500000| PB 0x0000000084500000| Complete 
|  70|0x0000000084600000, 0x0000000084700000, 0x0000000084700000|100%|HS|  |TAMS 0x0000000084600000| PB 0x0000000084600000| Complete 
|  71|0x0000000084700000, 0x0000000084800000, 0x0000000084800000|100%|HC|  |TAMS 0x0000000084700000| PB 0x0000000084700000| Complete 
|  72|0x0000000084800000, 0x0000000084900000, 0x0000000084900000|100%|HS|  |TAMS 0x0000000084800000| PB 0x0000000084800000| Complete 
|  73|0x0000000084900000, 0x0000000084a00000, 0x0000000084a00000|100%| O|  |TAMS 0x0000000084900000| PB 0x0000000084900000| Untracked 
|  74|0x0000000084a00000, 0x0000000084b00000, 0x0000000084b00000|100%| O|  |TAMS 0x0000000084a00000| PB 0x0000000084a00000| Untracked 
|  75|0x0000000084b00000, 0x0000000084c00000, 0x0000000084c00000|100%|HS|  |TAMS 0x0000000084b00000| PB 0x0000000084b00000| Complete 
|  76|0x0000000084c00000, 0x0000000084d00000, 0x0000000084d00000|100%|HC|  |TAMS 0x0000000084c00000| PB 0x0000000084c00000| Complete 
|  77|0x0000000084d00000, 0x0000000084e00000, 0x0000000084e00000|100%|HS|  |TAMS 0x0000000084d00000| PB 0x0000000084d00000| Complete 
|  78|0x0000000084e00000, 0x0000000084f00000, 0x0000000084f00000|100%| O|  |TAMS 0x0000000084e00000| PB 0x0000000084e00000| Untracked 
|  79|0x0000000084f00000, 0x0000000085000000, 0x0000000085000000|100%|HS|  |TAMS 0x0000000084f00000| PB 0x0000000084f00000| Complete 
|  80|0x0000000085000000, 0x0000000085100000, 0x0000000085100000|100%|HS|  |TAMS 0x0000000085000000| PB 0x0000000085000000| Complete 
|  81|0x0000000085100000, 0x0000000085200000, 0x0000000085200000|100%| O|  |TAMS 0x0000000085100000| PB 0x0000000085100000| Untracked 
|  82|0x0000000085200000, 0x0000000085300000, 0x0000000085300000|100%| O|  |TAMS 0x0000000085200000| PB 0x0000000085200000| Untracked 
|  83|0x0000000085300000, 0x0000000085400000, 0x0000000085400000|100%| O|  |TAMS 0x0000000085300000| PB 0x0000000085300000| Untracked 
|  84|0x0000000085400000, 0x0000000085500000, 0x0000000085500000|100%| O|  |TAMS 0x0000000085400000| PB 0x0000000085400000| Untracked 
|  85|0x0000000085500000, 0x0000000085600000, 0x0000000085600000|100%| O|  |TAMS 0x0000000085500000| PB 0x0000000085500000| Untracked 
|  86|0x0000000085600000, 0x0000000085700000, 0x0000000085700000|100%|HS|  |TAMS 0x0000000085600000| PB 0x0000000085600000| Complete 
|  87|0x0000000085700000, 0x0000000085800000, 0x0000000085800000|100%| O|  |TAMS 0x0000000085700000| PB 0x0000000085700000| Untracked 
|  88|0x0000000085800000, 0x0000000085900000, 0x0000000085900000|100%| O|  |TAMS 0x0000000085800000| PB 0x0000000085800000| Untracked 
|  89|0x0000000085900000, 0x0000000085a00000, 0x0000000085a00000|100%| O|  |TAMS 0x0000000085900000| PB 0x0000000085900000| Untracked 
|  90|0x0000000085a00000, 0x0000000085b00000, 0x0000000085b00000|100%| O|  |TAMS 0x0000000085a00000| PB 0x0000000085a00000| Untracked 
|  91|0x0000000085b00000, 0x0000000085c00000, 0x0000000085c00000|100%| O|  |TAMS 0x0000000085b00000| PB 0x0000000085b00000| Untracked 
|  92|0x0000000085c00000, 0x0000000085d00000, 0x0000000085d00000|100%| O|  |TAMS 0x0000000085c00000| PB 0x0000000085c00000| Untracked 
|  93|0x0000000085d00000, 0x0000000085e00000, 0x0000000085e00000|100%| O|  |TAMS 0x0000000085d00000| PB 0x0000000085d00000| Untracked 
|  94|0x0000000085e00000, 0x0000000085f00000, 0x0000000085f00000|100%| O|  |TAMS 0x0000000085e00000| PB 0x0000000085e00000| Untracked 
|  95|0x0000000085f00000, 0x0000000086000000, 0x0000000086000000|100%| O|  |TAMS 0x0000000085f00000| PB 0x0000000085f00000| Untracked 
|  96|0x0000000086000000, 0x0000000086100000, 0x0000000086100000|100%| O|  |TAMS 0x0000000086000000| PB 0x0000000086000000| Untracked 
|  97|0x0000000086100000, 0x0000000086200000, 0x0000000086200000|100%| O|  |TAMS 0x0000000086100000| PB 0x0000000086100000| Untracked 
|  98|0x0000000086200000, 0x0000000086300000, 0x0000000086300000|100%| O|  |TAMS 0x0000000086200000| PB 0x0000000086200000| Untracked 
|  99|0x0000000086300000, 0x0000000086400000, 0x0000000086400000|100%| O|  |TAMS 0x0000000086300000| PB 0x0000000086300000| Untracked 
| 100|0x0000000086400000, 0x0000000086500000, 0x0000000086500000|100%| O|  |TAMS 0x0000000086400000| PB 0x0000000086400000| Untracked 
| 101|0x0000000086500000, 0x0000000086600000, 0x0000000086600000|100%| O|  |TAMS 0x0000000086500000| PB 0x0000000086500000| Untracked 
| 102|0x0000000086600000, 0x0000000086700000, 0x0000000086700000|100%| O|  |TAMS 0x0000000086600000| PB 0x0000000086600000| Untracked 
| 103|0x0000000086700000, 0x0000000086800000, 0x0000000086800000|100%| O|  |TAMS 0x0000000086700000| PB 0x0000000086700000| Untracked 
| 104|0x0000000086800000, 0x0000000086900000, 0x0000000086900000|100%| O|  |TAMS 0x0000000086800000| PB 0x0000000086800000| Untracked 
| 105|0x0000000086900000, 0x0000000086a00000, 0x0000000086a00000|100%| O|  |TAMS 0x0000000086900000| PB 0x0000000086900000| Untracked 
| 106|0x0000000086a00000, 0x0000000086b00000, 0x0000000086b00000|100%| O|  |TAMS 0x0000000086a00000| PB 0x0000000086a00000| Untracked 
| 107|0x0000000086b00000, 0x0000000086c00000, 0x0000000086c00000|100%| O|  |TAMS 0x0000000086b00000| PB 0x0000000086b00000| Untracked 
| 108|0x0000000086c00000, 0x0000000086d00000, 0x0000000086d00000|100%| O|  |TAMS 0x0000000086c00000| PB 0x0000000086c00000| Untracked 
| 109|0x0000000086d00000, 0x0000000086e00000, 0x0000000086e00000|100%| O|  |TAMS 0x0000000086d00000| PB 0x0000000086d00000| Untracked 
| 110|0x0000000086e00000, 0x0000000086f00000, 0x0000000086f00000|100%| O|  |TAMS 0x0000000086e00000| PB 0x0000000086e00000| Untracked 
| 111|0x0000000086f00000, 0x0000000087000000, 0x0000000087000000|100%| O|  |TAMS 0x0000000086f00000| PB 0x0000000086f00000| Untracked 
| 112|0x0000000087000000, 0x0000000087100000, 0x0000000087100000|100%| O|  |TAMS 0x0000000087000000| PB 0x0000000087000000| Untracked 
| 113|0x0000000087100000, 0x0000000087200000, 0x0000000087200000|100%| O|  |TAMS 0x0000000087100000| PB 0x0000000087100000| Untracked 
| 114|0x0000000087200000, 0x0000000087300000, 0x0000000087300000|100%| O|  |TAMS 0x0000000087200000| PB 0x0000000087200000| Untracked 
| 115|0x0000000087300000, 0x0000000087400000, 0x0000000087400000|100%| O|  |TAMS 0x0000000087300000| PB 0x0000000087300000| Untracked 
| 116|0x0000000087400000, 0x0000000087500000, 0x0000000087500000|100%| O|  |TAMS 0x0000000087400000| PB 0x0000000087400000| Untracked 
| 117|0x0000000087500000, 0x0000000087600000, 0x0000000087600000|100%| O|  |TAMS 0x0000000087500000| PB 0x0000000087500000| Untracked 
| 118|0x0000000087600000, 0x0000000087700000, 0x0000000087700000|100%| O|  |TAMS 0x0000000087600000| PB 0x0000000087600000| Untracked 
| 119|0x0000000087700000, 0x0000000087800000, 0x0000000087800000|100%| O|  |TAMS 0x0000000087700000| PB 0x0000000087700000| Untracked 
| 120|0x0000000087800000, 0x0000000087900000, 0x0000000087900000|100%| O|  |TAMS 0x0000000087800000| PB 0x0000000087800000| Untracked 
| 121|0x0000000087900000, 0x0000000087a00000, 0x0000000087a00000|100%| O|  |TAMS 0x0000000087900000| PB 0x0000000087900000| Untracked 
| 122|0x0000000087a00000, 0x0000000087b00000, 0x0000000087b00000|100%| O|  |TAMS 0x0000000087a00000| PB 0x0000000087a00000| Untracked 
| 123|0x0000000087b00000, 0x0000000087c00000, 0x0000000087c00000|100%| O|  |TAMS 0x0000000087b00000| PB 0x0000000087b00000| Untracked 
| 124|0x0000000087c00000, 0x0000000087d00000, 0x0000000087d00000|100%| O|  |TAMS 0x0000000087c00000| PB 0x0000000087c00000| Untracked 
| 125|0x0000000087d00000, 0x0000000087e00000, 0x0000000087e00000|100%| O|  |TAMS 0x0000000087d00000| PB 0x0000000087d00000| Untracked 
| 126|0x0000000087e00000, 0x0000000087f00000, 0x0000000087f00000|100%| O|  |TAMS 0x0000000087e00000| PB 0x0000000087e00000| Untracked 
| 127|0x0000000087f00000, 0x0000000088000000, 0x0000000088000000|100%| O|  |TAMS 0x0000000087f00000| PB 0x0000000087f00000| Untracked 
| 128|0x0000000088000000, 0x0000000088100000, 0x0000000088100000|100%| O|  |TAMS 0x0000000088000000| PB 0x0000000088000000| Untracked 
| 129|0x0000000088100000, 0x0000000088100000, 0x0000000088200000|  0%| F|  |TAMS 0x0000000088100000| PB 0x0000000088100000| Untracked 
| 130|0x0000000088200000, 0x0000000088300000, 0x0000000088300000|100%| O|  |TAMS 0x0000000088200000| PB 0x0000000088200000| Untracked 
| 131|0x0000000088300000, 0x0000000088400000, 0x0000000088400000|100%| O|  |TAMS 0x0000000088300000| PB 0x0000000088300000| Untracked 
| 132|0x0000000088400000, 0x0000000088500000, 0x0000000088500000|100%| O|  |TAMS 0x0000000088400000| PB 0x0000000088400000| Untracked 
| 133|0x0000000088500000, 0x0000000088600000, 0x0000000088600000|100%| O|  |TAMS 0x0000000088500000| PB 0x0000000088500000| Untracked 
| 134|0x0000000088600000, 0x0000000088700000, 0x0000000088700000|100%| O|  |TAMS 0x0000000088600000| PB 0x0000000088600000| Untracked 
| 135|0x0000000088700000, 0x0000000088800000, 0x0000000088800000|100%| O|  |TAMS 0x0000000088700000| PB 0x0000000088700000| Untracked 
| 136|0x0000000088800000, 0x0000000088900000, 0x0000000088900000|100%| O|  |TAMS 0x0000000088800000| PB 0x0000000088800000| Untracked 
| 137|0x0000000088900000, 0x0000000088a00000, 0x0000000088a00000|100%| O|  |TAMS 0x0000000088900000| PB 0x0000000088900000| Untracked 
| 138|0x0000000088a00000, 0x0000000088b00000, 0x0000000088b00000|100%| O|  |TAMS 0x0000000088a00000| PB 0x0000000088a00000| Untracked 
| 139|0x0000000088b00000, 0x0000000088c00000, 0x0000000088c00000|100%| O|  |TAMS 0x0000000088b00000| PB 0x0000000088b00000| Untracked 
| 140|0x0000000088c00000, 0x0000000088d00000, 0x0000000088d00000|100%| O|  |TAMS 0x0000000088c00000| PB 0x0000000088c00000| Untracked 
| 141|0x0000000088d00000, 0x0000000088e00000, 0x0000000088e00000|100%| O|  |TAMS 0x0000000088d00000| PB 0x0000000088d00000| Untracked 
| 142|0x0000000088e00000, 0x0000000088f00000, 0x0000000088f00000|100%| O|  |TAMS 0x0000000088e00000| PB 0x0000000088e00000| Untracked 
| 143|0x0000000088f00000, 0x0000000089000000, 0x0000000089000000|100%| O|  |TAMS 0x0000000088f00000| PB 0x0000000088f00000| Untracked 
| 144|0x0000000089000000, 0x0000000089100000, 0x0000000089100000|100%| O|  |TAMS 0x0000000089000000| PB 0x0000000089000000| Untracked 
| 145|0x0000000089100000, 0x0000000089200000, 0x0000000089200000|100%| O|  |TAMS 0x0000000089100000| PB 0x0000000089100000| Untracked 
| 146|0x0000000089200000, 0x0000000089300000, 0x0000000089300000|100%| O|  |TAMS 0x0000000089200000| PB 0x0000000089200000| Untracked 
| 147|0x0000000089300000, 0x0000000089400000, 0x0000000089400000|100%| O|  |TAMS 0x0000000089300000| PB 0x0000000089300000| Untracked 
| 148|0x0000000089400000, 0x0000000089500000, 0x0000000089500000|100%| O|  |TAMS 0x0000000089400000| PB 0x0000000089400000| Untracked 
| 149|0x0000000089500000, 0x0000000089600000, 0x0000000089600000|100%| O|  |TAMS 0x0000000089500000| PB 0x0000000089500000| Untracked 
| 150|0x0000000089600000, 0x0000000089700000, 0x0000000089700000|100%| O|  |TAMS 0x0000000089600000| PB 0x0000000089600000| Untracked 
| 151|0x0000000089700000, 0x0000000089800000, 0x0000000089800000|100%| O|  |TAMS 0x0000000089700000| PB 0x0000000089700000| Untracked 
| 152|0x0000000089800000, 0x0000000089900000, 0x0000000089900000|100%| O|  |TAMS 0x0000000089800000| PB 0x0000000089800000| Untracked 
| 153|0x0000000089900000, 0x0000000089a00000, 0x0000000089a00000|100%| O|  |TAMS 0x0000000089900000| PB 0x0000000089900000| Untracked 
| 154|0x0000000089a00000, 0x0000000089b00000, 0x0000000089b00000|100%| O|  |TAMS 0x0000000089a00000| PB 0x0000000089a00000| Untracked 
| 155|0x0000000089b00000, 0x0000000089c00000, 0x0000000089c00000|100%| O|  |TAMS 0x0000000089b00000| PB 0x0000000089b00000| Untracked 
| 156|0x0000000089c00000, 0x0000000089d00000, 0x0000000089d00000|100%| O|  |TAMS 0x0000000089c00000| PB 0x0000000089c00000| Untracked 
| 157|0x0000000089d00000, 0x0000000089e00000, 0x0000000089e00000|100%| O|  |TAMS 0x0000000089d00000| PB 0x0000000089d00000| Untracked 
| 158|0x0000000089e00000, 0x0000000089f00000, 0x0000000089f00000|100%| O|  |TAMS 0x0000000089e00000| PB 0x0000000089e00000| Untracked 
| 159|0x0000000089f00000, 0x000000008a000000, 0x000000008a000000|100%| O|  |TAMS 0x0000000089f00000| PB 0x0000000089f00000| Untracked 
| 160|0x000000008a000000, 0x000000008a100000, 0x000000008a100000|100%| O|  |TAMS 0x000000008a000000| PB 0x000000008a000000| Untracked 
| 161|0x000000008a100000, 0x000000008a200000, 0x000000008a200000|100%| O|  |TAMS 0x000000008a100000| PB 0x000000008a100000| Untracked 
| 162|0x000000008a200000, 0x000000008a300000, 0x000000008a300000|100%| O|  |TAMS 0x000000008a200000| PB 0x000000008a200000| Untracked 
| 163|0x000000008a300000, 0x000000008a400000, 0x000000008a400000|100%| O|  |TAMS 0x000000008a300000| PB 0x000000008a300000| Untracked 
| 164|0x000000008a400000, 0x000000008a500000, 0x000000008a500000|100%| O|  |TAMS 0x000000008a400000| PB 0x000000008a400000| Untracked 
| 165|0x000000008a500000, 0x000000008a600000, 0x000000008a600000|100%| O|  |TAMS 0x000000008a500000| PB 0x000000008a500000| Untracked 
| 166|0x000000008a600000, 0x000000008a700000, 0x000000008a700000|100%| O|  |TAMS 0x000000008a600000| PB 0x000000008a600000| Untracked 
| 167|0x000000008a700000, 0x000000008a800000, 0x000000008a800000|100%| O|  |TAMS 0x000000008a700000| PB 0x000000008a700000| Untracked 
| 168|0x000000008a800000, 0x000000008a900000, 0x000000008a900000|100%| O|  |TAMS 0x000000008a800000| PB 0x000000008a800000| Untracked 
| 169|0x000000008a900000, 0x000000008aa00000, 0x000000008aa00000|100%| O|  |TAMS 0x000000008a900000| PB 0x000000008a900000| Untracked 
| 170|0x000000008aa00000, 0x000000008ab00000, 0x000000008ab00000|100%| O|  |TAMS 0x000000008aa00000| PB 0x000000008aa00000| Untracked 
| 171|0x000000008ab00000, 0x000000008ac00000, 0x000000008ac00000|100%| O|  |TAMS 0x000000008ab00000| PB 0x000000008ab00000| Untracked 
| 172|0x000000008ac00000, 0x000000008ad00000, 0x000000008ad00000|100%| O|  |TAMS 0x000000008ac00000| PB 0x000000008ac00000| Untracked 
| 173|0x000000008ad00000, 0x000000008ae00000, 0x000000008ae00000|100%| O|  |TAMS 0x000000008ad00000| PB 0x000000008ad00000| Untracked 
| 174|0x000000008ae00000, 0x000000008af00000, 0x000000008af00000|100%| O|  |TAMS 0x000000008ae00000| PB 0x000000008ae00000| Untracked 
| 175|0x000000008af00000, 0x000000008b000000, 0x000000008b000000|100%| O|  |TAMS 0x000000008af00000| PB 0x000000008af00000| Untracked 
| 176|0x000000008b000000, 0x000000008b100000, 0x000000008b100000|100%| O|  |TAMS 0x000000008b000000| PB 0x000000008b000000| Untracked 
| 177|0x000000008b100000, 0x000000008b200000, 0x000000008b200000|100%| O|  |TAMS 0x000000008b100000| PB 0x000000008b100000| Untracked 
| 178|0x000000008b200000, 0x000000008b300000, 0x000000008b300000|100%| O|  |TAMS 0x000000008b200000| PB 0x000000008b200000| Untracked 
| 179|0x000000008b300000, 0x000000008b400000, 0x000000008b400000|100%| O|  |TAMS 0x000000008b300000| PB 0x000000008b300000| Untracked 
| 180|0x000000008b400000, 0x000000008b500000, 0x000000008b500000|100%| O|  |TAMS 0x000000008b400000| PB 0x000000008b400000| Untracked 
| 181|0x000000008b500000, 0x000000008b600000, 0x000000008b600000|100%| O|  |TAMS 0x000000008b500000| PB 0x000000008b500000| Untracked 
| 182|0x000000008b600000, 0x000000008b700000, 0x000000008b700000|100%| O|  |TAMS 0x000000008b600000| PB 0x000000008b600000| Untracked 
| 183|0x000000008b700000, 0x000000008b800000, 0x000000008b800000|100%| O|  |TAMS 0x000000008b700000| PB 0x000000008b700000| Untracked 
| 184|0x000000008b800000, 0x000000008b900000, 0x000000008b900000|100%| O|  |TAMS 0x000000008b800000| PB 0x000000008b800000| Untracked 
| 185|0x000000008b900000, 0x000000008ba00000, 0x000000008ba00000|100%| O|  |TAMS 0x000000008b900000| PB 0x000000008b900000| Untracked 
| 186|0x000000008ba00000, 0x000000008bb00000, 0x000000008bb00000|100%| O|  |TAMS 0x000000008ba00000| PB 0x000000008ba00000| Untracked 
| 187|0x000000008bb00000, 0x000000008bc00000, 0x000000008bc00000|100%| O|  |TAMS 0x000000008bb00000| PB 0x000000008bb00000| Untracked 
| 188|0x000000008bc00000, 0x000000008bd00000, 0x000000008bd00000|100%| O|  |TAMS 0x000000008bc00000| PB 0x000000008bc00000| Untracked 
| 189|0x000000008bd00000, 0x000000008be00000, 0x000000008be00000|100%| O|  |TAMS 0x000000008bd00000| PB 0x000000008bd00000| Untracked 
| 190|0x000000008be00000, 0x000000008bf00000, 0x000000008bf00000|100%| O|  |TAMS 0x000000008be00000| PB 0x000000008be00000| Untracked 
| 191|0x000000008bf00000, 0x000000008c000000, 0x000000008c000000|100%| O|  |TAMS 0x000000008bf00000| PB 0x000000008bf00000| Untracked 
| 192|0x000000008c000000, 0x000000008c100000, 0x000000008c100000|100%| O|  |TAMS 0x000000008c000000| PB 0x000000008c000000| Untracked 
| 193|0x000000008c100000, 0x000000008c200000, 0x000000008c200000|100%| O|  |TAMS 0x000000008c100000| PB 0x000000008c100000| Untracked 
| 194|0x000000008c200000, 0x000000008c300000, 0x000000008c300000|100%| O|  |TAMS 0x000000008c200000| PB 0x000000008c200000| Untracked 
| 195|0x000000008c300000, 0x000000008c400000, 0x000000008c400000|100%| O|  |TAMS 0x000000008c300000| PB 0x000000008c300000| Untracked 
| 196|0x000000008c400000, 0x000000008c500000, 0x000000008c500000|100%| O|  |TAMS 0x000000008c400000| PB 0x000000008c400000| Untracked 
| 197|0x000000008c500000, 0x000000008c600000, 0x000000008c600000|100%| O|  |TAMS 0x000000008c500000| PB 0x000000008c500000| Untracked 
| 198|0x000000008c600000, 0x000000008c700000, 0x000000008c700000|100%| O|  |TAMS 0x000000008c600000| PB 0x000000008c600000| Untracked 
| 199|0x000000008c700000, 0x000000008c800000, 0x000000008c800000|100%| O|  |TAMS 0x000000008c700000| PB 0x000000008c700000| Untracked 
| 200|0x000000008c800000, 0x000000008c900000, 0x000000008c900000|100%| O|  |TAMS 0x000000008c800000| PB 0x000000008c800000| Untracked 
| 201|0x000000008c900000, 0x000000008ca00000, 0x000000008ca00000|100%| O|  |TAMS 0x000000008c900000| PB 0x000000008c900000| Untracked 
| 202|0x000000008ca00000, 0x000000008cb00000, 0x000000008cb00000|100%| O|  |TAMS 0x000000008ca00000| PB 0x000000008ca00000| Untracked 
| 203|0x000000008cb00000, 0x000000008cc00000, 0x000000008cc00000|100%| O|  |TAMS 0x000000008cb00000| PB 0x000000008cb00000| Untracked 
| 204|0x000000008cc00000, 0x000000008cd00000, 0x000000008cd00000|100%| O|  |TAMS 0x000000008cc00000| PB 0x000000008cc00000| Untracked 
| 205|0x000000008cd00000, 0x000000008ce00000, 0x000000008ce00000|100%| O|  |TAMS 0x000000008cd00000| PB 0x000000008cd00000| Untracked 
| 206|0x000000008ce00000, 0x000000008cf00000, 0x000000008cf00000|100%| O|  |TAMS 0x000000008ce00000| PB 0x000000008ce00000| Untracked 
| 207|0x000000008cf00000, 0x000000008d000000, 0x000000008d000000|100%| O|  |TAMS 0x000000008cf00000| PB 0x000000008cf00000| Untracked 
| 208|0x000000008d000000, 0x000000008d100000, 0x000000008d100000|100%| O|  |TAMS 0x000000008d000000| PB 0x000000008d000000| Untracked 
| 209|0x000000008d100000, 0x000000008d200000, 0x000000008d200000|100%| O|  |TAMS 0x000000008d100000| PB 0x000000008d100000| Untracked 
| 210|0x000000008d200000, 0x000000008d300000, 0x000000008d300000|100%| O|  |TAMS 0x000000008d200000| PB 0x000000008d200000| Untracked 
| 211|0x000000008d300000, 0x000000008d400000, 0x000000008d400000|100%| O|  |TAMS 0x000000008d300000| PB 0x000000008d300000| Untracked 
| 212|0x000000008d400000, 0x000000008d500000, 0x000000008d500000|100%| O|  |TAMS 0x000000008d400000| PB 0x000000008d400000| Untracked 
| 213|0x000000008d500000, 0x000000008d600000, 0x000000008d600000|100%| O|  |TAMS 0x000000008d500000| PB 0x000000008d500000| Untracked 
| 214|0x000000008d600000, 0x000000008d700000, 0x000000008d700000|100%| O|  |TAMS 0x000000008d600000| PB 0x000000008d600000| Untracked 
| 215|0x000000008d700000, 0x000000008d800000, 0x000000008d800000|100%| O|  |TAMS 0x000000008d700000| PB 0x000000008d700000| Untracked 
| 216|0x000000008d800000, 0x000000008d900000, 0x000000008d900000|100%| O|  |TAMS 0x000000008d800000| PB 0x000000008d800000| Untracked 
| 217|0x000000008d900000, 0x000000008da00000, 0x000000008da00000|100%| O|  |TAMS 0x000000008d900000| PB 0x000000008d900000| Untracked 
| 218|0x000000008da00000, 0x000000008db00000, 0x000000008db00000|100%| O|  |TAMS 0x000000008da00000| PB 0x000000008da00000| Untracked 
| 219|0x000000008db00000, 0x000000008dc00000, 0x000000008dc00000|100%| O|  |TAMS 0x000000008db00000| PB 0x000000008db00000| Untracked 
| 220|0x000000008dc00000, 0x000000008dc00000, 0x000000008dd00000|  0%| F|  |TAMS 0x000000008dc00000| PB 0x000000008dc00000| Untracked 
| 221|0x000000008dd00000, 0x000000008dd00000, 0x000000008de00000|  0%| F|  |TAMS 0x000000008dd00000| PB 0x000000008dd00000| Untracked 
| 222|0x000000008de00000, 0x000000008de00000, 0x000000008df00000|  0%| F|  |TAMS 0x000000008de00000| PB 0x000000008de00000| Untracked 
| 223|0x000000008df00000, 0x000000008e000000, 0x000000008e000000|100%| O|  |TAMS 0x000000008df00000| PB 0x000000008df00000| Untracked 
| 224|0x000000008e000000, 0x000000008e000000, 0x000000008e100000|  0%| F|  |TAMS 0x000000008e000000| PB 0x000000008e000000| Untracked 
| 225|0x000000008e100000, 0x000000008e200000, 0x000000008e200000|100%| O|  |TAMS 0x000000008e100000| PB 0x000000008e100000| Untracked 
| 226|0x000000008e200000, 0x000000008e300000, 0x000000008e300000|100%| O|  |TAMS 0x000000008e200000| PB 0x000000008e200000| Untracked 
| 227|0x000000008e300000, 0x000000008e400000, 0x000000008e400000|100%| O|  |TAMS 0x000000008e300000| PB 0x000000008e300000| Untracked 
| 228|0x000000008e400000, 0x000000008e500000, 0x000000008e500000|100%| O|  |TAMS 0x000000008e400000| PB 0x000000008e400000| Untracked 
| 229|0x000000008e500000, 0x000000008e600000, 0x000000008e600000|100%| O|  |TAMS 0x000000008e500000| PB 0x000000008e500000| Untracked 
| 230|0x000000008e600000, 0x000000008e700000, 0x000000008e700000|100%| O|  |TAMS 0x000000008e600000| PB 0x000000008e600000| Untracked 
| 231|0x000000008e700000, 0x000000008e800000, 0x000000008e800000|100%| O|  |TAMS 0x000000008e700000| PB 0x000000008e700000| Untracked 
| 232|0x000000008e800000, 0x000000008e900000, 0x000000008e900000|100%| O|  |TAMS 0x000000008e800000| PB 0x000000008e800000| Untracked 
| 233|0x000000008e900000, 0x000000008ea00000, 0x000000008ea00000|100%| O|  |TAMS 0x000000008e900000| PB 0x000000008e900000| Untracked 
| 234|0x000000008ea00000, 0x000000008eb00000, 0x000000008eb00000|100%| O|  |TAMS 0x000000008ea00000| PB 0x000000008ea00000| Untracked 
| 235|0x000000008eb00000, 0x000000008ec00000, 0x000000008ec00000|100%| O|  |TAMS 0x000000008eb00000| PB 0x000000008eb00000| Untracked 
| 236|0x000000008ec00000, 0x000000008ed00000, 0x000000008ed00000|100%| O|  |TAMS 0x000000008ec00000| PB 0x000000008ec00000| Untracked 
| 237|0x000000008ed00000, 0x000000008ee00000, 0x000000008ee00000|100%| O|  |TAMS 0x000000008ed00000| PB 0x000000008ed00000| Untracked 
| 238|0x000000008ee00000, 0x000000008ef00000, 0x000000008ef00000|100%| O|  |TAMS 0x000000008ee00000| PB 0x000000008ee00000| Untracked 
| 239|0x000000008ef00000, 0x000000008efda810, 0x000000008f000000| 85%| O|  |TAMS 0x000000008ef00000| PB 0x000000008ef00000| Untracked 
| 240|0x000000008f000000, 0x000000008f000000, 0x000000008f100000|  0%| F|  |TAMS 0x000000008f000000| PB 0x000000008f000000| Untracked 
| 241|0x000000008f100000, 0x000000008f100000, 0x000000008f200000|  0%| F|  |TAMS 0x000000008f100000| PB 0x000000008f100000| Untracked 
| 242|0x000000008f200000, 0x000000008f200000, 0x000000008f300000|  0%| F|  |TAMS 0x000000008f200000| PB 0x000000008f200000| Untracked 
| 243|0x000000008f300000, 0x000000008f300000, 0x000000008f400000|  0%| F|  |TAMS 0x000000008f300000| PB 0x000000008f300000| Untracked 
| 244|0x000000008f400000, 0x000000008f400000, 0x000000008f500000|  0%| F|  |TAMS 0x000000008f400000| PB 0x000000008f400000| Untracked 
| 245|0x000000008f500000, 0x000000008f500000, 0x000000008f600000|  0%| F|  |TAMS 0x000000008f500000| PB 0x000000008f500000| Untracked 
| 246|0x000000008f600000, 0x000000008f600000, 0x000000008f700000|  0%| F|  |TAMS 0x000000008f600000| PB 0x000000008f600000| Untracked 
| 247|0x000000008f700000, 0x000000008f700000, 0x000000008f800000|  0%| F|  |TAMS 0x000000008f700000| PB 0x000000008f700000| Untracked 
| 248|0x000000008f800000, 0x000000008f800000, 0x000000008f900000|  0%| F|  |TAMS 0x000000008f800000| PB 0x000000008f800000| Untracked 
| 249|0x000000008f900000, 0x000000008f900000, 0x000000008fa00000|  0%| F|  |TAMS 0x000000008f900000| PB 0x000000008f900000| Untracked 
| 250|0x000000008fa00000, 0x000000008fa00000, 0x000000008fb00000|  0%| F|  |TAMS 0x000000008fa00000| PB 0x000000008fa00000| Untracked 
| 251|0x000000008fb00000, 0x000000008fb00000, 0x000000008fc00000|  0%| F|  |TAMS 0x000000008fb00000| PB 0x000000008fb00000| Untracked 
| 252|0x000000008fc00000, 0x000000008fc00000, 0x000000008fd00000|  0%| F|  |TAMS 0x000000008fc00000| PB 0x000000008fc00000| Untracked 
| 253|0x000000008fd00000, 0x000000008fd00000, 0x000000008fe00000|  0%| F|  |TAMS 0x000000008fd00000| PB 0x000000008fd00000| Untracked 
| 254|0x000000008fe00000, 0x000000008fe00000, 0x000000008ff00000|  0%| F|  |TAMS 0x000000008fe00000| PB 0x000000008fe00000| Untracked 
| 255|0x000000008ff00000, 0x000000008ff00000, 0x0000000090000000|  0%| F|  |TAMS 0x000000008ff00000| PB 0x000000008ff00000| Untracked 
| 256|0x0000000090000000, 0x0000000090000000, 0x0000000090100000|  0%| F|  |TAMS 0x0000000090000000| PB 0x0000000090000000| Untracked 
| 257|0x0000000090100000, 0x0000000090100000, 0x0000000090200000|  0%| F|  |TAMS 0x0000000090100000| PB 0x0000000090100000| Untracked 
| 258|0x0000000090200000, 0x0000000090200000, 0x0000000090300000|  0%| F|  |TAMS 0x0000000090200000| PB 0x0000000090200000| Untracked 
| 259|0x0000000090300000, 0x0000000090300000, 0x0000000090400000|  0%| F|  |TAMS 0x0000000090300000| PB 0x0000000090300000| Untracked 
| 260|0x0000000090400000, 0x0000000090400000, 0x0000000090500000|  0%| F|  |TAMS 0x0000000090400000| PB 0x0000000090400000| Untracked 
| 261|0x0000000090500000, 0x0000000090500000, 0x0000000090600000|  0%| F|  |TAMS 0x0000000090500000| PB 0x0000000090500000| Untracked 
| 262|0x0000000090600000, 0x0000000090600000, 0x0000000090700000|  0%| F|  |TAMS 0x0000000090600000| PB 0x0000000090600000| Untracked 
| 263|0x0000000090700000, 0x0000000090700000, 0x0000000090800000|  0%| F|  |TAMS 0x0000000090700000| PB 0x0000000090700000| Untracked 
| 264|0x0000000090800000, 0x0000000090800000, 0x0000000090900000|  0%| F|  |TAMS 0x0000000090800000| PB 0x0000000090800000| Untracked 
| 265|0x0000000090900000, 0x0000000090900000, 0x0000000090a00000|  0%| F|  |TAMS 0x0000000090900000| PB 0x0000000090900000| Untracked 
| 266|0x0000000090a00000, 0x0000000090a00000, 0x0000000090b00000|  0%| F|  |TAMS 0x0000000090a00000| PB 0x0000000090a00000| Untracked 
| 267|0x0000000090b00000, 0x0000000090b00000, 0x0000000090c00000|  0%| F|  |TAMS 0x0000000090b00000| PB 0x0000000090b00000| Untracked 
| 268|0x0000000090c00000, 0x0000000090c00000, 0x0000000090d00000|  0%| F|  |TAMS 0x0000000090c00000| PB 0x0000000090c00000| Untracked 
| 269|0x0000000090d00000, 0x0000000090d00000, 0x0000000090e00000|  0%| F|  |TAMS 0x0000000090d00000| PB 0x0000000090d00000| Untracked 
| 270|0x0000000090e00000, 0x0000000090e00000, 0x0000000090f00000|  0%| F|  |TAMS 0x0000000090e00000| PB 0x0000000090e00000| Untracked 
| 271|0x0000000090f00000, 0x0000000090f00000, 0x0000000091000000|  0%| F|  |TAMS 0x0000000090f00000| PB 0x0000000090f00000| Untracked 
| 272|0x0000000091000000, 0x0000000091000000, 0x0000000091100000|  0%| F|  |TAMS 0x0000000091000000| PB 0x0000000091000000| Untracked 
| 273|0x0000000091100000, 0x0000000091100000, 0x0000000091200000|  0%| F|  |TAMS 0x0000000091100000| PB 0x0000000091100000| Untracked 
| 274|0x0000000091200000, 0x0000000091200000, 0x0000000091300000|  0%| F|  |TAMS 0x0000000091200000| PB 0x0000000091200000| Untracked 
| 275|0x0000000091300000, 0x0000000091300000, 0x0000000091400000|  0%| F|  |TAMS 0x0000000091300000| PB 0x0000000091300000| Untracked 
| 276|0x0000000091400000, 0x0000000091500000, 0x0000000091500000|100%| S|CS|TAMS 0x0000000091400000| PB 0x0000000091400000| Complete 
| 277|0x0000000091500000, 0x0000000091600000, 0x0000000091600000|100%| S|CS|TAMS 0x0000000091500000| PB 0x0000000091500000| Complete 
| 278|0x0000000091600000, 0x0000000091700000, 0x0000000091700000|100%| S|CS|TAMS 0x0000000091600000| PB 0x0000000091600000| Complete 
| 279|0x0000000091700000, 0x0000000091800000, 0x0000000091800000|100%| S|CS|TAMS 0x0000000091700000| PB 0x0000000091700000| Complete 
| 280|0x0000000091800000, 0x0000000091900000, 0x0000000091900000|100%| S|CS|TAMS 0x0000000091800000| PB 0x0000000091800000| Complete 
| 281|0x0000000091900000, 0x0000000091900000, 0x0000000091a00000|  0%| F|  |TAMS 0x0000000091900000| PB 0x0000000091900000| Untracked 
| 282|0x0000000091a00000, 0x0000000091a00000, 0x0000000091b00000|  0%| F|  |TAMS 0x0000000091a00000| PB 0x0000000091a00000| Untracked 
| 283|0x0000000091b00000, 0x0000000091b00000, 0x0000000091c00000|  0%| F|  |TAMS 0x0000000091b00000| PB 0x0000000091b00000| Untracked 
| 284|0x0000000091c00000, 0x0000000091c00000, 0x0000000091d00000|  0%| F|  |TAMS 0x0000000091c00000| PB 0x0000000091c00000| Untracked 
| 285|0x0000000091d00000, 0x0000000091d00000, 0x0000000091e00000|  0%| F|  |TAMS 0x0000000091d00000| PB 0x0000000091d00000| Untracked 
| 286|0x0000000091e00000, 0x0000000091e00000, 0x0000000091f00000|  0%| F|  |TAMS 0x0000000091e00000| PB 0x0000000091e00000| Untracked 
| 287|0x0000000091f00000, 0x0000000091f00000, 0x0000000092000000|  0%| F|  |TAMS 0x0000000091f00000| PB 0x0000000091f00000| Untracked 
| 288|0x0000000092000000, 0x0000000092000000, 0x0000000092100000|  0%| F|  |TAMS 0x0000000092000000| PB 0x0000000092000000| Untracked 
| 289|0x0000000092100000, 0x0000000092100000, 0x0000000092200000|  0%| F|  |TAMS 0x0000000092100000| PB 0x0000000092100000| Untracked 
| 290|0x0000000092200000, 0x0000000092200000, 0x0000000092300000|  0%| F|  |TAMS 0x0000000092200000| PB 0x0000000092200000| Untracked 
| 291|0x0000000092300000, 0x0000000092300000, 0x0000000092400000|  0%| F|  |TAMS 0x0000000092300000| PB 0x0000000092300000| Untracked 
| 292|0x0000000092400000, 0x0000000092400000, 0x0000000092500000|  0%| F|  |TAMS 0x0000000092400000| PB 0x0000000092400000| Untracked 
| 293|0x0000000092500000, 0x0000000092500000, 0x0000000092600000|  0%| F|  |TAMS 0x0000000092500000| PB 0x0000000092500000| Untracked 
| 294|0x0000000092600000, 0x0000000092600000, 0x0000000092700000|  0%| F|  |TAMS 0x0000000092600000| PB 0x0000000092600000| Untracked 
| 295|0x0000000092700000, 0x0000000092700000, 0x0000000092800000|  0%| F|  |TAMS 0x0000000092700000| PB 0x0000000092700000| Untracked 
| 296|0x0000000092800000, 0x0000000092800000, 0x0000000092900000|  0%| F|  |TAMS 0x0000000092800000| PB 0x0000000092800000| Untracked 
| 297|0x0000000092900000, 0x0000000092900000, 0x0000000092a00000|  0%| F|  |TAMS 0x0000000092900000| PB 0x0000000092900000| Untracked 
| 298|0x0000000092a00000, 0x0000000092a00000, 0x0000000092b00000|  0%| F|  |TAMS 0x0000000092a00000| PB 0x0000000092a00000| Untracked 
| 299|0x0000000092b00000, 0x0000000092b00000, 0x0000000092c00000|  0%| F|  |TAMS 0x0000000092b00000| PB 0x0000000092b00000| Untracked 
| 300|0x0000000092c00000, 0x0000000092c00000, 0x0000000092d00000|  0%| F|  |TAMS 0x0000000092c00000| PB 0x0000000092c00000| Untracked 
| 301|0x0000000092d00000, 0x0000000092d00000, 0x0000000092e00000|  0%| F|  |TAMS 0x0000000092d00000| PB 0x0000000092d00000| Untracked 
| 302|0x0000000092e00000, 0x0000000092e00000, 0x0000000092f00000|  0%| F|  |TAMS 0x0000000092e00000| PB 0x0000000092e00000| Untracked 
| 303|0x0000000092f00000, 0x0000000092f00000, 0x0000000093000000|  0%| F|  |TAMS 0x0000000092f00000| PB 0x0000000092f00000| Untracked 
| 304|0x0000000093000000, 0x0000000093000000, 0x0000000093100000|  0%| F|  |TAMS 0x0000000093000000| PB 0x0000000093000000| Untracked 
| 305|0x0000000093100000, 0x0000000093100000, 0x0000000093200000|  0%| F|  |TAMS 0x0000000093100000| PB 0x0000000093100000| Untracked 
| 306|0x0000000093200000, 0x0000000093200000, 0x0000000093300000|  0%| F|  |TAMS 0x0000000093200000| PB 0x0000000093200000| Untracked 
| 307|0x0000000093300000, 0x0000000093300000, 0x0000000093400000|  0%| F|  |TAMS 0x0000000093300000| PB 0x0000000093300000| Untracked 
| 308|0x0000000093400000, 0x0000000093400000, 0x0000000093500000|  0%| F|  |TAMS 0x0000000093400000| PB 0x0000000093400000| Untracked 
| 309|0x0000000093500000, 0x0000000093500000, 0x0000000093600000|  0%| F|  |TAMS 0x0000000093500000| PB 0x0000000093500000| Untracked 
| 310|0x0000000093600000, 0x0000000093600000, 0x0000000093700000|  0%| F|  |TAMS 0x0000000093600000| PB 0x0000000093600000| Untracked 
| 311|0x0000000093700000, 0x0000000093700000, 0x0000000093800000|  0%| F|  |TAMS 0x0000000093700000| PB 0x0000000093700000| Untracked 
| 312|0x0000000093800000, 0x0000000093800000, 0x0000000093900000|  0%| F|  |TAMS 0x0000000093800000| PB 0x0000000093800000| Untracked 
| 313|0x0000000093900000, 0x0000000093900000, 0x0000000093a00000|  0%| F|  |TAMS 0x0000000093900000| PB 0x0000000093900000| Untracked 
| 314|0x0000000093a00000, 0x0000000093a00000, 0x0000000093b00000|  0%| F|  |TAMS 0x0000000093a00000| PB 0x0000000093a00000| Untracked 
| 315|0x0000000093b00000, 0x0000000093b00000, 0x0000000093c00000|  0%| F|  |TAMS 0x0000000093b00000| PB 0x0000000093b00000| Untracked 
| 316|0x0000000093c00000, 0x0000000093c00000, 0x0000000093d00000|  0%| F|  |TAMS 0x0000000093c00000| PB 0x0000000093c00000| Untracked 
| 317|0x0000000093d00000, 0x0000000093d00000, 0x0000000093e00000|  0%| F|  |TAMS 0x0000000093d00000| PB 0x0000000093d00000| Untracked 
| 318|0x0000000093e00000, 0x0000000093e00000, 0x0000000093f00000|  0%| F|  |TAMS 0x0000000093e00000| PB 0x0000000093e00000| Untracked 
| 319|0x0000000093f00000, 0x0000000093f00000, 0x0000000094000000|  0%| F|  |TAMS 0x0000000093f00000| PB 0x0000000093f00000| Untracked 
| 320|0x0000000094000000, 0x0000000094000000, 0x0000000094100000|  0%| F|  |TAMS 0x0000000094000000| PB 0x0000000094000000| Untracked 
| 321|0x0000000094100000, 0x0000000094100000, 0x0000000094200000|  0%| F|  |TAMS 0x0000000094100000| PB 0x0000000094100000| Untracked 
| 322|0x0000000094200000, 0x0000000094200000, 0x0000000094300000|  0%| F|  |TAMS 0x0000000094200000| PB 0x0000000094200000| Untracked 
| 323|0x0000000094300000, 0x0000000094300000, 0x0000000094400000|  0%| F|  |TAMS 0x0000000094300000| PB 0x0000000094300000| Untracked 
| 324|0x0000000094400000, 0x0000000094400000, 0x0000000094500000|  0%| F|  |TAMS 0x0000000094400000| PB 0x0000000094400000| Untracked 
| 325|0x0000000094500000, 0x0000000094500000, 0x0000000094600000|  0%| F|  |TAMS 0x0000000094500000| PB 0x0000000094500000| Untracked 
| 326|0x0000000094600000, 0x0000000094600000, 0x0000000094700000|  0%| F|  |TAMS 0x0000000094600000| PB 0x0000000094600000| Untracked 
| 327|0x0000000094700000, 0x0000000094700000, 0x0000000094800000|  0%| F|  |TAMS 0x0000000094700000| PB 0x0000000094700000| Untracked 
| 328|0x0000000094800000, 0x0000000094800000, 0x0000000094900000|  0%| F|  |TAMS 0x0000000094800000| PB 0x0000000094800000| Untracked 
| 329|0x0000000094900000, 0x0000000094900000, 0x0000000094a00000|  0%| F|  |TAMS 0x0000000094900000| PB 0x0000000094900000| Untracked 
| 330|0x0000000094a00000, 0x0000000094a00000, 0x0000000094b00000|  0%| F|  |TAMS 0x0000000094a00000| PB 0x0000000094a00000| Untracked 
| 331|0x0000000094b00000, 0x0000000094b00000, 0x0000000094c00000|  0%| F|  |TAMS 0x0000000094b00000| PB 0x0000000094b00000| Untracked 
| 332|0x0000000094c00000, 0x0000000094c00000, 0x0000000094d00000|  0%| F|  |TAMS 0x0000000094c00000| PB 0x0000000094c00000| Untracked 
| 333|0x0000000094d00000, 0x0000000094d00000, 0x0000000094e00000|  0%| F|  |TAMS 0x0000000094d00000| PB 0x0000000094d00000| Untracked 
| 334|0x0000000094e00000, 0x0000000094e00000, 0x0000000094f00000|  0%| F|  |TAMS 0x0000000094e00000| PB 0x0000000094e00000| Untracked 
| 335|0x0000000094f00000, 0x0000000094f00000, 0x0000000095000000|  0%| F|  |TAMS 0x0000000094f00000| PB 0x0000000094f00000| Untracked 
| 336|0x0000000095000000, 0x0000000095000000, 0x0000000095100000|  0%| F|  |TAMS 0x0000000095000000| PB 0x0000000095000000| Untracked 
| 337|0x0000000095100000, 0x0000000095100000, 0x0000000095200000|  0%| F|  |TAMS 0x0000000095100000| PB 0x0000000095100000| Untracked 
| 338|0x0000000095200000, 0x0000000095200000, 0x0000000095300000|  0%| F|  |TAMS 0x0000000095200000| PB 0x0000000095200000| Untracked 
| 339|0x0000000095300000, 0x0000000095300000, 0x0000000095400000|  0%| F|  |TAMS 0x0000000095300000| PB 0x0000000095300000| Untracked 
| 340|0x0000000095400000, 0x0000000095400000, 0x0000000095500000|  0%| F|  |TAMS 0x0000000095400000| PB 0x0000000095400000| Untracked 
| 341|0x0000000095500000, 0x0000000095500000, 0x0000000095600000|  0%| F|  |TAMS 0x0000000095500000| PB 0x0000000095500000| Untracked 
| 342|0x0000000095600000, 0x0000000095600000, 0x0000000095700000|  0%| F|  |TAMS 0x0000000095600000| PB 0x0000000095600000| Untracked 
| 343|0x0000000095700000, 0x0000000095700000, 0x0000000095800000|  0%| F|  |TAMS 0x0000000095700000| PB 0x0000000095700000| Untracked 
| 344|0x0000000095800000, 0x0000000095800000, 0x0000000095900000|  0%| F|  |TAMS 0x0000000095800000| PB 0x0000000095800000| Untracked 
| 345|0x0000000095900000, 0x0000000095900000, 0x0000000095a00000|  0%| F|  |TAMS 0x0000000095900000| PB 0x0000000095900000| Untracked 
| 346|0x0000000095a00000, 0x0000000095a00000, 0x0000000095b00000|  0%| F|  |TAMS 0x0000000095a00000| PB 0x0000000095a00000| Untracked 
| 347|0x0000000095b00000, 0x0000000095b00000, 0x0000000095c00000|  0%| F|  |TAMS 0x0000000095b00000| PB 0x0000000095b00000| Untracked 
| 348|0x0000000095c00000, 0x0000000095c00000, 0x0000000095d00000|  0%| F|  |TAMS 0x0000000095c00000| PB 0x0000000095c00000| Untracked 
| 349|0x0000000095d00000, 0x0000000095d00000, 0x0000000095e00000|  0%| F|  |TAMS 0x0000000095d00000| PB 0x0000000095d00000| Untracked 
| 350|0x0000000095e00000, 0x0000000095e00000, 0x0000000095f00000|  0%| F|  |TAMS 0x0000000095e00000| PB 0x0000000095e00000| Untracked 
| 351|0x0000000095f00000, 0x0000000095f00000, 0x0000000096000000|  0%| F|  |TAMS 0x0000000095f00000| PB 0x0000000095f00000| Untracked 
| 352|0x0000000096000000, 0x0000000096000000, 0x0000000096100000|  0%| F|  |TAMS 0x0000000096000000| PB 0x0000000096000000| Untracked 
| 353|0x0000000096100000, 0x0000000096100000, 0x0000000096200000|  0%| F|  |TAMS 0x0000000096100000| PB 0x0000000096100000| Untracked 
| 354|0x0000000096200000, 0x0000000096200000, 0x0000000096300000|  0%| F|  |TAMS 0x0000000096200000| PB 0x0000000096200000| Untracked 
| 355|0x0000000096300000, 0x0000000096300000, 0x0000000096400000|  0%| F|  |TAMS 0x0000000096300000| PB 0x0000000096300000| Untracked 
| 356|0x0000000096400000, 0x0000000096400000, 0x0000000096500000|  0%| F|  |TAMS 0x0000000096400000| PB 0x0000000096400000| Untracked 
| 357|0x0000000096500000, 0x0000000096500000, 0x0000000096600000|  0%| F|  |TAMS 0x0000000096500000| PB 0x0000000096500000| Untracked 
| 358|0x0000000096600000, 0x0000000096600000, 0x0000000096700000|  0%| F|  |TAMS 0x0000000096600000| PB 0x0000000096600000| Untracked 
| 359|0x0000000096700000, 0x0000000096700000, 0x0000000096800000|  0%| F|  |TAMS 0x0000000096700000| PB 0x0000000096700000| Untracked 
| 360|0x0000000096800000, 0x0000000096800000, 0x0000000096900000|  0%| F|  |TAMS 0x0000000096800000| PB 0x0000000096800000| Untracked 
| 361|0x0000000096900000, 0x0000000096900000, 0x0000000096a00000|  0%| F|  |TAMS 0x0000000096900000| PB 0x0000000096900000| Untracked 
| 362|0x0000000096a00000, 0x0000000096a00000, 0x0000000096b00000|  0%| F|  |TAMS 0x0000000096a00000| PB 0x0000000096a00000| Untracked 
| 363|0x0000000096b00000, 0x0000000096b00000, 0x0000000096c00000|  0%| F|  |TAMS 0x0000000096b00000| PB 0x0000000096b00000| Untracked 
| 364|0x0000000096c00000, 0x0000000096c00000, 0x0000000096d00000|  0%| F|  |TAMS 0x0000000096c00000| PB 0x0000000096c00000| Untracked 
| 365|0x0000000096d00000, 0x0000000096d00000, 0x0000000096e00000|  0%| F|  |TAMS 0x0000000096d00000| PB 0x0000000096d00000| Untracked 
| 366|0x0000000096e00000, 0x0000000096e00000, 0x0000000096f00000|  0%| F|  |TAMS 0x0000000096e00000| PB 0x0000000096e00000| Untracked 
| 367|0x0000000096f00000, 0x0000000096f00000, 0x0000000097000000|  0%| F|  |TAMS 0x0000000096f00000| PB 0x0000000096f00000| Untracked 
| 368|0x0000000097000000, 0x0000000097000000, 0x0000000097100000|  0%| F|  |TAMS 0x0000000097000000| PB 0x0000000097000000| Untracked 
| 369|0x0000000097100000, 0x0000000097100000, 0x0000000097200000|  0%| F|  |TAMS 0x0000000097100000| PB 0x0000000097100000| Untracked 
| 370|0x0000000097200000, 0x0000000097200000, 0x0000000097300000|  0%| F|  |TAMS 0x0000000097200000| PB 0x0000000097200000| Untracked 
| 371|0x0000000097300000, 0x0000000097300000, 0x0000000097400000|  0%| F|  |TAMS 0x0000000097300000| PB 0x0000000097300000| Untracked 
| 372|0x0000000097400000, 0x0000000097400000, 0x0000000097500000|  0%| F|  |TAMS 0x0000000097400000| PB 0x0000000097400000| Untracked 
| 373|0x0000000097500000, 0x0000000097500000, 0x0000000097600000|  0%| F|  |TAMS 0x0000000097500000| PB 0x0000000097500000| Untracked 
| 374|0x0000000097600000, 0x0000000097600000, 0x0000000097700000|  0%| F|  |TAMS 0x0000000097600000| PB 0x0000000097600000| Untracked 
| 375|0x0000000097700000, 0x0000000097700000, 0x0000000097800000|  0%| F|  |TAMS 0x0000000097700000| PB 0x0000000097700000| Untracked 
| 376|0x0000000097800000, 0x0000000097800000, 0x0000000097900000|  0%| F|  |TAMS 0x0000000097800000| PB 0x0000000097800000| Untracked 
| 377|0x0000000097900000, 0x0000000097900000, 0x0000000097a00000|  0%| F|  |TAMS 0x0000000097900000| PB 0x0000000097900000| Untracked 
| 378|0x0000000097a00000, 0x0000000097a00000, 0x0000000097b00000|  0%| F|  |TAMS 0x0000000097a00000| PB 0x0000000097a00000| Untracked 
| 379|0x0000000097b00000, 0x0000000097b00000, 0x0000000097c00000|  0%| F|  |TAMS 0x0000000097b00000| PB 0x0000000097b00000| Untracked 
| 380|0x0000000097c00000, 0x0000000097c00000, 0x0000000097d00000|  0%| F|  |TAMS 0x0000000097c00000| PB 0x0000000097c00000| Untracked 
| 381|0x0000000097d00000, 0x0000000097d00000, 0x0000000097e00000|  0%| F|  |TAMS 0x0000000097d00000| PB 0x0000000097d00000| Untracked 
| 382|0x0000000097e00000, 0x0000000097e00000, 0x0000000097f00000|  0%| F|  |TAMS 0x0000000097e00000| PB 0x0000000097e00000| Untracked 
| 383|0x0000000097f00000, 0x0000000097f00000, 0x0000000098000000|  0%| F|  |TAMS 0x0000000097f00000| PB 0x0000000097f00000| Untracked 
| 384|0x0000000098000000, 0x0000000098000000, 0x0000000098100000|  0%| F|  |TAMS 0x0000000098000000| PB 0x0000000098000000| Untracked 
| 385|0x0000000098100000, 0x0000000098100000, 0x0000000098200000|  0%| F|  |TAMS 0x0000000098100000| PB 0x0000000098100000| Untracked 
| 386|0x0000000098200000, 0x0000000098200000, 0x0000000098300000|  0%| F|  |TAMS 0x0000000098200000| PB 0x0000000098200000| Untracked 
| 387|0x0000000098300000, 0x0000000098300000, 0x0000000098400000|  0%| F|  |TAMS 0x0000000098300000| PB 0x0000000098300000| Untracked 
| 388|0x0000000098400000, 0x0000000098400000, 0x0000000098500000|  0%| F|  |TAMS 0x0000000098400000| PB 0x0000000098400000| Untracked 
| 389|0x0000000098500000, 0x0000000098500000, 0x0000000098600000|  0%| F|  |TAMS 0x0000000098500000| PB 0x0000000098500000| Untracked 
| 390|0x0000000098600000, 0x0000000098600000, 0x0000000098700000|  0%| F|  |TAMS 0x0000000098600000| PB 0x0000000098600000| Untracked 
| 391|0x0000000098700000, 0x0000000098700000, 0x0000000098800000|  0%| F|  |TAMS 0x0000000098700000| PB 0x0000000098700000| Untracked 
| 392|0x0000000098800000, 0x0000000098800000, 0x0000000098900000|  0%| F|  |TAMS 0x0000000098800000| PB 0x0000000098800000| Untracked 
| 393|0x0000000098900000, 0x0000000098900000, 0x0000000098a00000|  0%| F|  |TAMS 0x0000000098900000| PB 0x0000000098900000| Untracked 
| 394|0x0000000098a00000, 0x0000000098a00000, 0x0000000098b00000|  0%| F|  |TAMS 0x0000000098a00000| PB 0x0000000098a00000| Untracked 
| 395|0x0000000098b00000, 0x0000000098b00000, 0x0000000098c00000|  0%| F|  |TAMS 0x0000000098b00000| PB 0x0000000098b00000| Untracked 
| 396|0x0000000098c00000, 0x0000000098c00000, 0x0000000098d00000|  0%| F|  |TAMS 0x0000000098c00000| PB 0x0000000098c00000| Untracked 
| 397|0x0000000098d00000, 0x0000000098d00000, 0x0000000098e00000|  0%| F|  |TAMS 0x0000000098d00000| PB 0x0000000098d00000| Untracked 
| 398|0x0000000098e00000, 0x0000000098e00000, 0x0000000098f00000|  0%| F|  |TAMS 0x0000000098e00000| PB 0x0000000098e00000| Untracked 
| 399|0x0000000098f00000, 0x0000000098f00000, 0x0000000099000000|  0%| F|  |TAMS 0x0000000098f00000| PB 0x0000000098f00000| Untracked 
| 400|0x0000000099000000, 0x0000000099000000, 0x0000000099100000|  0%| F|  |TAMS 0x0000000099000000| PB 0x0000000099000000| Untracked 
| 401|0x0000000099100000, 0x0000000099100000, 0x0000000099200000|  0%| F|  |TAMS 0x0000000099100000| PB 0x0000000099100000| Untracked 
| 402|0x0000000099200000, 0x0000000099200000, 0x0000000099300000|  0%| F|  |TAMS 0x0000000099200000| PB 0x0000000099200000| Untracked 
| 403|0x0000000099300000, 0x0000000099300000, 0x0000000099400000|  0%| F|  |TAMS 0x0000000099300000| PB 0x0000000099300000| Untracked 
| 404|0x0000000099400000, 0x0000000099400000, 0x0000000099500000|  0%| F|  |TAMS 0x0000000099400000| PB 0x0000000099400000| Untracked 
| 405|0x0000000099500000, 0x0000000099500000, 0x0000000099600000|  0%| F|  |TAMS 0x0000000099500000| PB 0x0000000099500000| Untracked 
| 406|0x0000000099600000, 0x0000000099600000, 0x0000000099700000|  0%| F|  |TAMS 0x0000000099600000| PB 0x0000000099600000| Untracked 
| 407|0x0000000099700000, 0x0000000099700000, 0x0000000099800000|  0%| F|  |TAMS 0x0000000099700000| PB 0x0000000099700000| Untracked 
| 408|0x0000000099800000, 0x0000000099800000, 0x0000000099900000|  0%| F|  |TAMS 0x0000000099800000| PB 0x0000000099800000| Untracked 
| 409|0x0000000099900000, 0x0000000099900000, 0x0000000099a00000|  0%| F|  |TAMS 0x0000000099900000| PB 0x0000000099900000| Untracked 
| 410|0x0000000099a00000, 0x0000000099a00000, 0x0000000099b00000|  0%| F|  |TAMS 0x0000000099a00000| PB 0x0000000099a00000| Untracked 
| 411|0x0000000099b00000, 0x0000000099b00000, 0x0000000099c00000|  0%| F|  |TAMS 0x0000000099b00000| PB 0x0000000099b00000| Untracked 
| 412|0x0000000099c00000, 0x0000000099c00000, 0x0000000099d00000|  0%| F|  |TAMS 0x0000000099c00000| PB 0x0000000099c00000| Untracked 
| 413|0x0000000099d00000, 0x0000000099d00000, 0x0000000099e00000|  0%| F|  |TAMS 0x0000000099d00000| PB 0x0000000099d00000| Untracked 
| 414|0x0000000099e00000, 0x0000000099e00000, 0x0000000099f00000|  0%| F|  |TAMS 0x0000000099e00000| PB 0x0000000099e00000| Untracked 
| 415|0x0000000099f00000, 0x0000000099f00000, 0x000000009a000000|  0%| F|  |TAMS 0x0000000099f00000| PB 0x0000000099f00000| Untracked 
|2007|0x00000000fd700000, 0x00000000fd700000, 0x00000000fd800000|  0%| F|  |TAMS 0x00000000fd700000| PB 0x00000000fd700000| Untracked 
|2008|0x00000000fd800000, 0x00000000fd800000, 0x00000000fd900000|  0%| F|  |TAMS 0x00000000fd800000| PB 0x00000000fd800000| Untracked 
|2009|0x00000000fd900000, 0x00000000fd900000, 0x00000000fda00000|  0%| F|  |TAMS 0x00000000fd900000| PB 0x00000000fd900000| Untracked 
|2010|0x00000000fda00000, 0x00000000fdb00000, 0x00000000fdb00000|100%| O|  |TAMS 0x00000000fda00000| PB 0x00000000fda00000| Untracked 
|2011|0x00000000fdb00000, 0x00000000fdb00000, 0x00000000fdc00000|  0%| F|  |TAMS 0x00000000fdb00000| PB 0x00000000fdb00000| Untracked 
|2012|0x00000000fdc00000, 0x00000000fdd00000, 0x00000000fdd00000|100%| O|  |TAMS 0x00000000fdc00000| PB 0x00000000fdc00000| Untracked 
|2013|0x00000000fdd00000, 0x00000000fdd00000, 0x00000000fde00000|  0%| F|  |TAMS 0x00000000fdd00000| PB 0x00000000fdd00000| Untracked 
|2014|0x00000000fde00000, 0x00000000fde00000, 0x00000000fdf00000|  0%| F|  |TAMS 0x00000000fde00000| PB 0x00000000fde00000| Untracked 
|2015|0x00000000fdf00000, 0x00000000fdf00000, 0x00000000fe000000|  0%| F|  |TAMS 0x00000000fdf00000| PB 0x00000000fdf00000| Untracked 
|2016|0x00000000fe000000, 0x00000000fe000000, 0x00000000fe100000|  0%| F|  |TAMS 0x00000000fe000000| PB 0x00000000fe000000| Untracked 
|2017|0x00000000fe100000, 0x00000000fe200000, 0x00000000fe200000|100%| O|  |TAMS 0x00000000fe100000| PB 0x00000000fe100000| Untracked 
|2018|0x00000000fe200000, 0x00000000fe200000, 0x00000000fe300000|  0%| F|  |TAMS 0x00000000fe200000| PB 0x00000000fe200000| Untracked 
|2019|0x00000000fe300000, 0x00000000fe400000, 0x00000000fe400000|100%| O|  |TAMS 0x00000000fe300000| PB 0x00000000fe300000| Untracked 
|2020|0x00000000fe400000, 0x00000000fe500000, 0x00000000fe500000|100%| O|  |TAMS 0x00000000fe400000| PB 0x00000000fe400000| Untracked 
|2021|0x00000000fe500000, 0x00000000fe600000, 0x00000000fe600000|100%| O|  |TAMS 0x00000000fe500000| PB 0x00000000fe500000| Untracked 
|2022|0x00000000fe600000, 0x00000000fe700000, 0x00000000fe700000|100%| O|  |TAMS 0x00000000fe600000| PB 0x00000000fe600000| Untracked 
|2023|0x00000000fe700000, 0x00000000fe800000, 0x00000000fe800000|100%| O|  |TAMS 0x00000000fe700000| PB 0x00000000fe700000| Untracked 
|2024|0x00000000fe800000, 0x00000000fe900000, 0x00000000fe900000|100%| O|  |TAMS 0x00000000fe800000| PB 0x00000000fe800000| Untracked 
|2025|0x00000000fe900000, 0x00000000fea00000, 0x00000000fea00000|100%| O|  |TAMS 0x00000000fe900000| PB 0x00000000fe900000| Untracked 
|2026|0x00000000fea00000, 0x00000000feb00000, 0x00000000feb00000|100%| O|  |TAMS 0x00000000fea00000| PB 0x00000000fea00000| Untracked 
|2027|0x00000000feb00000, 0x00000000fec00000, 0x00000000fec00000|100%| O|  |TAMS 0x00000000feb00000| PB 0x00000000feb00000| Untracked 
|2028|0x00000000fec00000, 0x00000000fed00000, 0x00000000fed00000|100%| O|  |TAMS 0x00000000fec00000| PB 0x00000000fec00000| Untracked 
|2029|0x00000000fed00000, 0x00000000fee00000, 0x00000000fee00000|100%| O|  |TAMS 0x00000000fed00000| PB 0x00000000fed00000| Untracked 
|2030|0x00000000fee00000, 0x00000000fef00000, 0x00000000fef00000|100%| O|  |TAMS 0x00000000fee00000| PB 0x00000000fee00000| Untracked 
|2031|0x00000000fef00000, 0x00000000ff000000, 0x00000000ff000000|100%| O|  |TAMS 0x00000000fef00000| PB 0x00000000fef00000| Untracked 
|2032|0x00000000ff000000, 0x00000000ff100000, 0x00000000ff100000|100%| O|  |TAMS 0x00000000ff000000| PB 0x00000000ff000000| Untracked 
|2033|0x00000000ff100000, 0x00000000ff200000, 0x00000000ff200000|100%| O|  |TAMS 0x00000000ff100000| PB 0x00000000ff100000| Untracked 
|2034|0x00000000ff200000, 0x00000000ff200000, 0x00000000ff300000|  0%| F|  |TAMS 0x00000000ff200000| PB 0x00000000ff200000| Untracked 
|2035|0x00000000ff300000, 0x00000000ff300000, 0x00000000ff400000|  0%| F|  |TAMS 0x00000000ff300000| PB 0x00000000ff300000| Untracked 
|2036|0x00000000ff400000, 0x00000000ff500000, 0x00000000ff500000|100%| O|  |TAMS 0x00000000ff400000| PB 0x00000000ff400000| Untracked 
|2037|0x00000000ff500000, 0x00000000ff600000, 0x00000000ff600000|100%| O|  |TAMS 0x00000000ff500000| PB 0x00000000ff500000| Untracked 
|2038|0x00000000ff600000, 0x00000000ff600000, 0x00000000ff700000|  0%| F|  |TAMS 0x00000000ff600000| PB 0x00000000ff600000| Untracked 
|2039|0x00000000ff700000, 0x00000000ff700000, 0x00000000ff800000|  0%| F|  |TAMS 0x00000000ff700000| PB 0x00000000ff700000| Untracked 
|2040|0x00000000ff800000, 0x00000000ff800000, 0x00000000ff900000|  0%| F|  |TAMS 0x00000000ff800000| PB 0x00000000ff800000| Untracked 
|2041|0x00000000ff900000, 0x00000000ffa00000, 0x00000000ffa00000|100%| O|  |TAMS 0x00000000ff900000| PB 0x00000000ff900000| Untracked 
|2042|0x00000000ffa00000, 0x00000000ffa00000, 0x00000000ffb00000|  0%| F|  |TAMS 0x00000000ffa00000| PB 0x00000000ffa00000| Untracked 
|2043|0x00000000ffb00000, 0x00000000ffc00000, 0x00000000ffc00000|100%| O|  |TAMS 0x00000000ffb00000| PB 0x00000000ffb00000| Untracked 
|2044|0x00000000ffc00000, 0x00000000ffd00000, 0x00000000ffd00000|100%| O|  |TAMS 0x00000000ffc00000| PB 0x00000000ffc00000| Untracked 
|2045|0x00000000ffd00000, 0x00000000ffe00000, 0x00000000ffe00000|100%| O|  |TAMS 0x00000000ffd00000| PB 0x00000000ffd00000| Untracked 
|2046|0x00000000ffe00000, 0x00000000fff00000, 0x00000000fff00000|100%| O|  |TAMS 0x00000000ffe00000| PB 0x00000000ffe00000| Untracked 
|2047|0x00000000fff00000, 0x0000000100000000, 0x0000000100000000|100%| O|  |TAMS 0x00000000fff00000| PB 0x00000000fff00000| Untracked 

Card table byte_map: [0x00000243f9450000,0x00000243f9850000] _byte_map_base: 0x00000243f9050000

Marking Bits: (CMBitMap*) 0x00000243f56d7720
 Bits: [0x00000243f9850000, 0x00000243fb850000)

Polling page: 0x00000243f32c0000

Metaspace:

Usage:
  Non-class:    124.95 MB used.
      Class:     21.18 MB used.
       Both:    146.13 MB used.

Virtual space:
  Non-class space:      128.00 MB reserved,     126.12 MB ( 99%) committed,  2 nodes.
      Class space:        1.00 GB reserved,      22.31 MB (  2%) committed,  1 nodes.
             Both:        1.12 GB reserved,     148.44 MB ( 13%) committed. 

Chunk freelists:
   Non-Class:  1.19 MB
       Class:  9.53 MB
        Both:  10.72 MB

MaxMetaspaceSize: unlimited
CompressedClassSpaceSize: 1.00 GB
Initial GC threshold: 21.00 MB
Current GC threshold: 246.06 MB
CDS: off
 - commit_granule_bytes: 65536.
 - commit_granule_words: 8192.
 - virtual_space_node_default_size: 8388608.
 - enlarge_chunks_in_place: 1.
 - use_allocation_guard: 0.


Internal statistics:

num_allocs_failed_limit: 9.
num_arena_births: 4816.
num_arena_deaths: 64.
num_vsnodes_births: 3.
num_vsnodes_deaths: 0.
num_space_committed: 2374.
num_space_uncommitted: 0.
num_chunks_returned_to_freelist: 110.
num_chunks_taken_from_freelist: 11260.
num_chunk_merges: 46.
num_chunk_splits: 7455.
num_chunks_enlarged: 4796.
num_inconsistent_stats: 0.

CodeHeap 'non-profiled nmethods': size=119168Kb used=14570Kb max_used=14570Kb free=104597Kb
 bounds [0x0000024387ba0000, 0x0000024388a30000, 0x000002438f000000]
CodeHeap 'profiled nmethods': size=119104Kb used=37175Kb max_used=37453Kb free=81928Kb
 bounds [0x0000024380000000, 0x00000243824b0000, 0x0000024387450000]
CodeHeap 'non-nmethods': size=7488Kb used=3913Kb max_used=4004Kb free=3574Kb
 bounds [0x0000024387450000, 0x0000024387850000, 0x0000024387ba0000]
CodeCache: size=245760Kb, used=55658Kb, max_used=56027Kb, free=190099Kb
 total_blobs=19764, nmethods=18827, adapters=837, full_count=0
Compilation: enabled, stopped_count=0, restarted_count=0

Compilation events (20 events):
Event: 25.809 Thread 0x00000243fe7b4d00 23883       2       java.util.ArrayDeque::remove (5 bytes)
Event: 25.809 Thread 0x00000243fe7b4d00 nmethod 23883 0x0000024381e35610 code [0x0000024381e357c0, 0x0000024381e358f0]
Event: 25.809 Thread 0x00000243fe7b4d00 23884       2       com.android.tools.r8.synthesis.t0::<init> (13 bytes)
Event: 25.810 Thread 0x0000024396aa3880 nmethod 23865 0x0000024387c25510 code [0x0000024387c256e0, 0x0000024387c25cd8]
Event: 25.810 Thread 0x0000024396aa3880 23844       4       com.android.tools.r8.ir.optimize.d1::a (1849 bytes)
Event: 25.810 Thread 0x00000243fe7b4d00 nmethod 23884 0x0000024381ffdc90 code [0x0000024381ffde20, 0x0000024381ffdf88]
Event: 25.811 Thread 0x00000243fe7b53b0 23885       2       org.gradle.internal.logging.slf4j.OutputEventListenerBackedLogger::isInfoEnabled (5 bytes)
Event: 25.812 Thread 0x00000243fe7b4d00 23886       2       com.android.tools.r8.internal.vh3::get (65 bytes)
Event: 25.812 Thread 0x00000243fe7b53b0 nmethod 23885 0x0000024381e2a590 code [0x0000024381e2a740, 0x0000024381e2a8c8]
Event: 25.812 Thread 0x00000243fe7b4d00 nmethod 23886 0x000002438033bb10 code [0x000002438033bd00, 0x000002438033c028]
Event: 25.813 Thread 0x00000243fe7b53b0 23887       2       com.android.tools.r8.internal.b52$$Lambda/0x00000001013a2438::<init> (10 bytes)
Event: 25.813 Thread 0x00000243fe7b53b0 nmethod 23887 0x000002438033b510 code [0x000002438033b6a0, 0x000002438033b7f0]
Event: 25.814 Thread 0x00000243fe7b53b0 23889       2       com.android.tools.r8.internal.s31::a (10 bytes)
Event: 25.814 Thread 0x00000243fe7b4d00 23890       2       com.android.tools.r8.graph.u3$$Lambda/0x00000001012b2c48::apply (12 bytes)
Event: 25.814 Thread 0x00000243feb94520 23891       2       com.android.tools.r8.internal.r31::getKey (8 bytes)
Event: 25.814 Thread 0x00000243feb94520 nmethod 23891 0x00000243819bf490 code [0x00000243819bf620, 0x00000243819bf730]
Event: 25.814 Thread 0x00000243fe9e15a0 23893       2       com.android.tools.r8.internal.gv2::d (14 bytes)
Event: 25.814 Thread 0x00000243fe7b53b0 nmethod 23889 0x00000243819bf010 code [0x00000243819bf1c0, 0x00000243819bf3d8]
Event: 25.814 Thread 0x00000243feb94520 23892       2       com.android.tools.r8.internal.r31::getValue (8 bytes)
Event: 25.814 Thread 0x00000243fe7b4d00 nmethod 23890 0x00000243819bea90 code [0x00000243819bec40, 0x00000243819bedb8]

GC Heap History (20 events):
Event: 21.608 GC heap after
{Heap after GC invocations=52 (full 0):
 garbage-first heap   total 399360K, used 141297K [0x0000000080000000, 0x0000000100000000)
  region size 1024K, 5 young (5120K), 5 survivors (5120K)
 Metaspace       used 124700K, committed 127040K, reserved 1179648K
  class space    used 17490K, committed 18624K, reserved 1048576K
}
Event: 22.567 GC heap before
{Heap before GC invocations=52 (full 0):
 garbage-first heap   total 399360K, used 371697K [0x0000000080000000, 0x0000000100000000)
  region size 1024K, 232 young (237568K), 5 survivors (5120K)
 Metaspace       used 131144K, committed 133504K, reserved 1179648K
  class space    used 18542K, committed 19712K, reserved 1048576K
}
Event: 22.581 GC heap after
{Heap after GC invocations=53 (full 0):
 garbage-first heap   total 410624K, used 172583K [0x0000000080000000, 0x0000000100000000)
  region size 1024K, 29 young (29696K), 29 survivors (29696K)
 Metaspace       used 131144K, committed 133504K, reserved 1179648K
  class space    used 18542K, committed 19712K, reserved 1048576K
}
Event: 23.102 GC heap before
{Heap before GC invocations=53 (full 0):
 garbage-first heap   total 410624K, used 357927K [0x0000000080000000, 0x0000000100000000)
  region size 1024K, 211 young (216064K), 29 survivors (29696K)
 Metaspace       used 134601K, committed 136960K, reserved 1179648K
  class space    used 19155K, committed 20288K, reserved 1048576K
}
Event: 23.133 GC heap after
{Heap after GC invocations=54 (full 0):
 garbage-first heap   total 425984K, used 209128K [0x0000000080000000, 0x0000000100000000)
  region size 1024K, 27 young (27648K), 27 survivors (27648K)
 Metaspace       used 134601K, committed 136960K, reserved 1179648K
  class space    used 19155K, committed 20288K, reserved 1048576K
}
Event: 23.572 GC heap before
{Heap before GC invocations=55 (full 0):
 garbage-first heap   total 425984K, used 369896K [0x0000000080000000, 0x0000000100000000)
  region size 1024K, 185 young (189440K), 27 survivors (27648K)
 Metaspace       used 139042K, committed 141440K, reserved 1179648K
  class space    used 20102K, committed 21248K, reserved 1048576K
}
Event: 23.599 GC heap after
{Heap after GC invocations=56 (full 0):
 garbage-first heap   total 431104K, used 241059K [0x0000000080000000, 0x0000000100000000)
  region size 1024K, 24 young (24576K), 24 survivors (24576K)
 Metaspace       used 139042K, committed 141440K, reserved 1179648K
  class space    used 20102K, committed 21248K, reserved 1048576K
}
Event: 23.734 GC heap before
{Heap before GC invocations=56 (full 0):
 garbage-first heap   total 431104K, used 378275K [0x0000000080000000, 0x0000000100000000)
  region size 1024K, 159 young (162816K), 24 survivors (24576K)
 Metaspace       used 140035K, committed 142400K, reserved 1179648K
  class space    used 20298K, committed 21440K, reserved 1048576K
}
Event: 23.757 GC heap after
{Heap after GC invocations=57 (full 0):
 garbage-first heap   total 436224K, used 268288K [0x0000000080000000, 0x0000000100000000)
  region size 1024K, 20 young (20480K), 20 survivors (20480K)
 Metaspace       used 140035K, committed 142400K, reserved 1179648K
  class space    used 20298K, committed 21440K, reserved 1048576K
}
Event: 24.279 GC heap before
{Heap before GC invocations=57 (full 0):
 garbage-first heap   total 436224K, used 387072K [0x0000000080000000, 0x0000000100000000)
  region size 1024K, 137 young (140288K), 20 survivors (20480K)
 Metaspace       used 145859K, committed 148224K, reserved 1179648K
  class space    used 21193K, committed 22336K, reserved 1048576K
}
Event: 24.292 GC heap after
{Heap after GC invocations=58 (full 0):
 garbage-first heap   total 436224K, used 279883K [0x0000000080000000, 0x0000000100000000)
  region size 1024K, 9 young (9216K), 9 survivors (9216K)
 Metaspace       used 145859K, committed 148224K, reserved 1179648K
  class space    used 21193K, committed 22336K, reserved 1048576K
}
Event: 24.662 GC heap before
{Heap before GC invocations=59 (full 0):
 garbage-first heap   total 467968K, used 394571K [0x0000000080000000, 0x0000000100000000)
  region size 1024K, 122 young (124928K), 9 survivors (9216K)
 Metaspace       used 146744K, committed 149184K, reserved 1179648K
  class space    used 21271K, committed 22464K, reserved 1048576K
}
Event: 24.667 GC heap after
{Heap after GC invocations=60 (full 0):
 garbage-first heap   total 467968K, used 279709K [0x0000000080000000, 0x0000000100000000)
  region size 1024K, 9 young (9216K), 9 survivors (9216K)
 Metaspace       used 146744K, committed 149184K, reserved 1179648K
  class space    used 21271K, committed 22464K, reserved 1048576K
}
Event: 24.848 GC heap before
{Heap before GC invocations=60 (full 0):
 garbage-first heap   total 467968K, used 424093K [0x0000000080000000, 0x0000000100000000)
  region size 1024K, 150 young (153600K), 9 survivors (9216K)
 Metaspace       used 147153K, committed 149504K, reserved 1179648K
  class space    used 21319K, committed 22464K, reserved 1048576K
}
Event: 24.854 GC heap after
{Heap after GC invocations=61 (full 0):
 garbage-first heap   total 467968K, used 274929K [0x0000000080000000, 0x0000000100000000)
  region size 1024K, 9 young (9216K), 9 survivors (9216K)
 Metaspace       used 147153K, committed 149504K, reserved 1179648K
  class space    used 21319K, committed 22464K, reserved 1048576K
}
Event: 25.085 GC heap before
{Heap before GC invocations=61 (full 0):
 garbage-first heap   total 467968K, used 428529K [0x0000000080000000, 0x0000000100000000)
  region size 1024K, 160 young (163840K), 9 survivors (9216K)
 Metaspace       used 148030K, committed 150400K, reserved 1179648K
  class space    used 21447K, committed 22592K, reserved 1048576K
}
Event: 25.091 GC heap after
{Heap after GC invocations=62 (full 0):
 garbage-first heap   total 467968K, used 275697K [0x0000000080000000, 0x0000000100000000)
  region size 1024K, 10 young (10240K), 10 survivors (10240K)
 Metaspace       used 148030K, committed 150400K, reserved 1179648K
  class space    used 21447K, committed 22592K, reserved 1048576K
}
Event: 25.584 GC heap before
{Heap before GC invocations=63 (full 0):
 garbage-first heap   total 467968K, used 431345K [0x0000000080000000, 0x0000000100000000)
  region size 1024K, 163 young (166912K), 10 survivors (10240K)
 Metaspace       used 149058K, committed 151488K, reserved 1179648K
  class space    used 21608K, committed 22784K, reserved 1048576K
}
Event: 25.593 GC heap after
{Heap after GC invocations=64 (full 0):
 garbage-first heap   total 467968K, used 279552K [0x0000000080000000, 0x0000000100000000)
  region size 1024K, 13 young (13312K), 13 survivors (13312K)
 Metaspace       used 149058K, committed 151488K, reserved 1179648K
  class space    used 21608K, committed 22784K, reserved 1048576K
}
Event: 25.819 GC heap before
{Heap before GC invocations=64 (full 0):
 garbage-first heap   total 467968K, used 429056K [0x0000000080000000, 0x0000000100000000)
  region size 1024K, 160 young (163840K), 13 survivors (13312K)
 Metaspace       used 149641K, committed 152000K, reserved 1179648K
  class space    used 21689K, committed 22848K, reserved 1048576K
}

Dll operation events (3 events):
Event: 0.012 Loaded shared library C:\Program Files\Android\Android Studio\jbr\bin\java.dll
Event: 0.016 Loaded shared library C:\Program Files\Android\Android Studio\jbr\bin\zip.dll
Event: 0.516 Loaded shared library C:\Program Files\Android\Android Studio\jbr\bin\verify.dll

Deoptimization events (20 events):
Event: 25.768 Thread 0x0000024396abfee0 DEOPT PACKING pc=0x000002438079d8d4 sp=0x000000ca25cfd880
Event: 25.768 Thread 0x0000024396abca60 DEOPT PACKING pc=0x000002438079d8d4 sp=0x000000ca25bfd3f0
Event: 25.768 Thread 0x0000024396abfee0 DEOPT UNPACKING pc=0x00000243874a4e42 sp=0x000000ca25cfce68 mode 0
Event: 25.768 Thread 0x0000024396abca60 DEOPT UNPACKING pc=0x00000243874a4e42 sp=0x000000ca25bfc9d8 mode 0
Event: 25.769 Thread 0x0000024395b761e0 DEOPT PACKING pc=0x000002438079d8d4 sp=0x000000ca256fd490
Event: 25.769 Thread 0x0000024395b761e0 DEOPT UNPACKING pc=0x00000243874a4e42 sp=0x000000ca256fca78 mode 0
Event: 25.770 Thread 0x0000024396ac0570 DEOPT PACKING pc=0x000002438079d8d4 sp=0x000000ca25dfd380
Event: 25.770 Thread 0x0000024396ac0570 DEOPT UNPACKING pc=0x00000243874a4e42 sp=0x000000ca25dfc968 mode 0
Event: 25.779 Thread 0x0000024395b77590 DEOPT PACKING pc=0x000002438079d8d4 sp=0x000000ca253fd5f0
Event: 25.779 Thread 0x0000024395b77590 DEOPT UNPACKING pc=0x00000243874a4e42 sp=0x000000ca253fcbd8 mode 0
Event: 25.808 Thread 0x0000024396abfee0 DEOPT PACKING pc=0x0000024381db74a1 sp=0x000000ca25cfb380
Event: 25.808 Thread 0x0000024396abfee0 DEOPT UNPACKING pc=0x00000243874a4e42 sp=0x000000ca25cfa890 mode 0
Event: 25.808 Thread 0x0000024396abfee0 Uncommon trap: trap_request=0xffffff76 fr.pc=0x0000024387ba9700 relative=0x0000000000000300
Event: 25.808 Thread 0x0000024396abfee0 Uncommon trap: reason=predicate action=maybe_recompile pc=0x0000024387ba9700 method=com.android.tools.r8.internal.vh3.get(Ljava/lang/Object;)Ljava/lang/Object; @ 34 c2
Event: 25.808 Thread 0x0000024396abfee0 DEOPT PACKING pc=0x0000024387ba9700 sp=0x000000ca25cfb4c0
Event: 25.808 Thread 0x0000024396abfee0 DEOPT UNPACKING pc=0x00000243874a46a2 sp=0x000000ca25cfb468 mode 2
Event: 25.809 Thread 0x0000024396abfee0 DEOPT PACKING pc=0x0000024381db74a1 sp=0x000000ca25cfb1b0
Event: 25.809 Thread 0x0000024396abfee0 DEOPT UNPACKING pc=0x00000243874a4e42 sp=0x000000ca25cfa6c0 mode 0
Event: 25.811 Thread 0x0000024395b78fd0 DEOPT PACKING pc=0x0000024382022070 sp=0x000000ca258fa1a0
Event: 25.811 Thread 0x0000024395b78fd0 DEOPT UNPACKING pc=0x00000243874a4e42 sp=0x000000ca258f9a08 mode 0

Classes loaded (20 events):
Event: 22.611 Loading class java/util/concurrent/ConcurrentHashMap$TreeBin
Event: 22.611 Loading class java/util/concurrent/ConcurrentHashMap$TreeBin done
Event: 23.852 Loading class java/util/IdentityHashMap$EntrySpliterator
Event: 23.853 Loading class java/util/IdentityHashMap$IdentityHashMapSpliterator
Event: 23.853 Loading class java/util/IdentityHashMap$IdentityHashMapSpliterator done
Event: 23.853 Loading class java/util/IdentityHashMap$EntrySpliterator done
Event: 23.879 Loading class java/util/SortedSet$1
Event: 23.879 Loading class java/util/SortedSet$1 done
Event: 23.894 Loading class java/util/PriorityQueue
Event: 23.894 Loading class java/util/PriorityQueue done
Event: 23.908 Loading class java/util/IdentityHashMap$ValueIterator
Event: 23.908 Loading class java/util/IdentityHashMap$ValueIterator done
Event: 25.386 Loading class java/nio/ShortBuffer
Event: 25.404 Loading class java/nio/ShortBuffer done
Event: 25.636 Loading class java/nio/ByteBufferAsShortBufferL
Event: 25.637 Loading class java/nio/ByteBufferAsShortBufferL done
Event: 25.697 Loading class java/util/zip/Adler32
Event: 25.697 Loading class java/util/zip/Adler32 done
Event: 25.743 Loading class java/nio/file/Files$2
Event: 25.743 Loading class java/nio/file/Files$2 done

Classes unloaded (20 events):
Event: 24.551 Thread 0x00000243fe8d8240 Unloading class 0x00000001014cc400 'java/lang/invoke/LambdaForm$DMH+0x00000001014cc400'
Event: 24.551 Thread 0x00000243fe8d8240 Unloading class 0x00000001014ccc00 'java/lang/invoke/LambdaForm$DMH+0x00000001014ccc00'
Event: 24.551 Thread 0x00000243fe8d8240 Unloading class 0x00000001014cd000 'java/lang/invoke/LambdaForm$DMH+0x00000001014cd000'
Event: 24.551 Thread 0x00000243fe8d8240 Unloading class 0x00000001014cd800 'java/lang/invoke/LambdaForm$DMH+0x00000001014cd800'
Event: 24.551 Thread 0x00000243fe8d8240 Unloading class 0x00000001014ce800 'java/lang/invoke/LambdaForm$DMH+0x00000001014ce800'
Event: 24.551 Thread 0x00000243fe8d8240 Unloading class 0x00000001014cc800 'java/lang/invoke/LambdaForm$DMH+0x00000001014cc800'
Event: 24.551 Thread 0x00000243fe8d8240 Unloading class 0x00000001013c1400 'java/lang/invoke/LambdaForm$DMH+0x00000001013c1400'
Event: 24.551 Thread 0x00000243fe8d8240 Unloading class 0x00000001013c1000 'java/lang/invoke/LambdaForm$DMH+0x00000001013c1000'
Event: 24.551 Thread 0x00000243fe8d8240 Unloading class 0x00000001013c0400 'java/lang/invoke/LambdaForm$DMH+0x00000001013c0400'
Event: 24.551 Thread 0x00000243fe8d8240 Unloading class 0x00000001013c0800 'java/lang/invoke/LambdaForm$DMH+0x00000001013c0800'
Event: 24.551 Thread 0x00000243fe8d8240 Unloading class 0x00000001013c1c00 'java/lang/invoke/LambdaForm$DMH+0x00000001013c1c00'
Event: 24.551 Thread 0x00000243fe8d8240 Unloading class 0x00000001013c1800 'java/lang/invoke/LambdaForm$DMH+0x00000001013c1800'
Event: 24.551 Thread 0x00000243fe8d8240 Unloading class 0x00000001013c0c00 'java/lang/invoke/LambdaForm$DMH+0x00000001013c0c00'
Event: 24.551 Thread 0x00000243fe8d8240 Unloading class 0x0000000101339c00 'java/lang/invoke/LambdaForm$DMH+0x0000000101339c00'
Event: 24.551 Thread 0x00000243fe8d8240 Unloading class 0x0000000101339000 'java/lang/invoke/LambdaForm$DMH+0x0000000101339000'
Event: 24.551 Thread 0x00000243fe8d8240 Unloading class 0x0000000101339400 'java/lang/invoke/LambdaForm$DMH+0x0000000101339400'
Event: 24.551 Thread 0x00000243fe8d8240 Unloading class 0x0000000101338c00 'java/lang/invoke/LambdaForm$DMH+0x0000000101338c00'
Event: 24.551 Thread 0x00000243fe8d8240 Unloading class 0x0000000101339800 'java/lang/invoke/LambdaForm$DMH+0x0000000101339800'
Event: 24.551 Thread 0x00000243fe8d8240 Unloading class 0x0000000101338400 'java/lang/invoke/LambdaForm$DMH+0x0000000101338400'
Event: 24.551 Thread 0x00000243fe8d8240 Unloading class 0x0000000101338800 'java/lang/invoke/LambdaForm$DMH+0x0000000101338800'

Classes redefined (0 events):
No events

Internal exceptions (20 events):
Event: 23.923 Thread 0x0000024395b77590 Exception <a 'java/lang/NoSuchMethodError'{0x00000000958f5f90}: 'int java.lang.invoke.DirectMethodHandle$Holder.invokeSpecial(java.lang.Object, java.lang.Object, java.lang.Object, int, java.lang.Object)'> (0x00000000958f5f90) 
thrown [s\src\hotspot\share\interpreter\linkResolver.cpp, line 784]
Event: 23.923 Thread 0x0000024395b78fd0 Exception <a 'java/lang/NoSuchMethodError'{0x00000000958c2758}: 'int java.lang.invoke.DirectMethodHandle$Holder.invokeSpecial(java.lang.Object, java.lang.Object, java.lang.Object, int, java.lang.Object)'> (0x00000000958c2758) 
thrown [s\src\hotspot\share\interpreter\linkResolver.cpp, line 784]
Event: 23.923 Thread 0x0000024395b761e0 Exception <a 'java/lang/NoSuchMethodError'{0x00000000958979a8}: 'int java.lang.invoke.DirectMethodHandle$Holder.invokeSpecial(java.lang.Object, java.lang.Object, java.lang.Object, int, java.lang.Object)'> (0x00000000958979a8) 
thrown [s\src\hotspot\share\interpreter\linkResolver.cpp, line 784]
Event: 23.996 Thread 0x0000024396abca60 Exception <a 'java/lang/NoSuchMethodError'{0x0000000094e0a808}: 'int java.lang.invoke.DirectMethodHandle$Holder.invokeInterface(java.lang.Object, java.lang.Object, int)'> (0x0000000094e0a808) 
thrown [s\src\hotspot\share\interpreter\linkResolver.cpp, line 784]
Event: 24.048 Thread 0x0000024396abca60 Exception <a 'java/lang/NoSuchMethodError'{0x00000000949bdb10}: 'void java.lang.invoke.DirectMethodHandle$Holder.invokeStatic(java.lang.Object, int)'> (0x00000000949bdb10) 
thrown [s\src\hotspot\share\interpreter\linkResolver.cpp, line 784]
Event: 24.071 Thread 0x000002439f1c1c60 Exception <a 'java/lang/NoSuchMethodError'{0x0000000094415b78}: 'java.lang.Object java.lang.invoke.DirectMethodHandle$Holder.invokeInterface(java.lang.Object, java.lang.Object, int)'> (0x0000000094415b78) 
thrown [s\src\hotspot\share\interpreter\linkResolver.cpp, line 784]
Event: 24.179 Thread 0x0000024396abca60 Exception <a 'java/lang/NoSuchMethodError'{0x0000000092c882d8}: 'java.lang.Object java.lang.invoke.DirectMethodHandle$Holder.invokeSpecial(java.lang.Object, java.lang.Object, int, java.lang.Object, java.lang.Object, java.lang.Object, java.lang.Object, java.lang.Object, java.lang.Object, java.lang.Object, java.lang.Object, java.lang.Object, java.lang.Object, java.lang.Object)'> (0x0000000092c882d8) 
thrown [s\src\hotspot\share\interpreter\linkResolver.cpp, line 784]
Event: 24.223 Thread 0x0000024395b78fd0 Exception <a 'java/lang/IncompatibleClassChangeError'{0x0000000092535b10}: Found class java.lang.Object, but interface was expected> (0x0000000092535b10) 
thrown [s\src\hotspot\share\interpreter\linkResolver.cpp, line 851]
Event: 24.225 Thread 0x0000024396abca60 Exception <a 'java/lang/IncompatibleClassChangeError'{0x0000000092be7680}: Found class java.lang.Object, but interface was expected> (0x0000000092be7680) 
thrown [s\src\hotspot\share\interpreter\linkResolver.cpp, line 851]
Event: 24.865 Thread 0x0000024396ac0570 Exception <a 'java/lang/NoSuchMethodError'{0x00000000ff6e5438}: 'void java.lang.invoke.DirectMethodHandle$Holder.invokeSpecial(java.lang.Object, java.lang.Object, java.lang.Object, int, java.lang.Object, java.lang.Object, java.lang.Object, java.lang.Object)'> (0x00000000ff6e5438) 
thrown [s\src\hotspot\share\interpreter\linkResolver.cpp, line 784]
Event: 24.869 Thread 0x0000024396ac0570 Exception <a 'java/lang/NoSuchMethodError'{0x00000000ff3d0680}: 'void java.lang.invoke.DirectMethodHandle$Holder.invokeStatic(java.lang.Object, java.lang.Object, java.lang.Object, java.lang.Object, java.lang.Object, java.lang.Object, java.lang.Object, java.lang.Object)'> (0x00000000ff3d0680) 
thrown [s\src\hotspot\share\interpreter\linkResolver.cpp, line 784]
Event: 24.928 Thread 0x0000024396ac0570 Implicit null exception at 0x00000243886fbf6b to 0x00000243886fc098
Event: 25.153 Thread 0x0000024395b761e0 Exception <a 'java/lang/IncompatibleClassChangeError'{0x0000000099c2c9a0}: Found class java.lang.Object, but interface was expected> (0x0000000099c2c9a0) 
thrown [s\src\hotspot\share\interpreter\linkResolver.cpp, line 851]
Event: 25.347 Thread 0x0000024396abca60 Implicit null exception at 0x00000243888add00 to 0x00000243888ade2c
Event: 25.360 Thread 0x0000024395b77c20 Exception <a 'java/lang/NoSuchMethodError'{0x0000000094225db0}: 'java.lang.Object java.lang.invoke.DirectMethodHandle$Holder.newInvokeSpecial(java.lang.Object, int, java.lang.Object, java.lang.Object, java.lang.Object, java.lang.Object)'> (0x0000000094225db0) 
thrown [s\src\hotspot\share\interpreter\linkResolver.cpp, line 784]
Event: 25.745 Thread 0x0000024396ac0570 Exception <a 'sun/nio/fs/WindowsException'{0x0000000094a94a80}> (0x0000000094a94a80) 
thrown [s\src\hotspot\share\prims\jni.cpp, line 537]
Event: 25.746 Thread 0x0000024395b761e0 Exception <a 'sun/nio/fs/WindowsException'{0x00000000979f7278}> (0x00000000979f7278) 
thrown [s\src\hotspot\share\prims\jni.cpp, line 537]
Event: 25.746 Thread 0x0000024395b77590 Exception <a 'sun/nio/fs/WindowsException'{0x00000000976b7e28}> (0x00000000976b7e28) 
thrown [s\src\hotspot\share\prims\jni.cpp, line 537]
Event: 25.746 Thread 0x0000024396abca60 Exception <a 'sun/nio/fs/WindowsException'{0x00000000948b1f98}> (0x00000000948b1f98) 
thrown [s\src\hotspot\share\prims\jni.cpp, line 537]
Event: 25.747 Thread 0x0000024396abfee0 Exception <a 'sun/nio/fs/WindowsException'{0x000000009480b418}> (0x000000009480b418) 
thrown [s\src\hotspot\share\prims\jni.cpp, line 537]

ZGC Phase Switch (0 events):
No events

VM Operations (20 events):
Event: 25.388 Executing VM operation: ICBufferFull done
Event: 25.388 Executing VM operation: G1PauseRemark
Event: 25.399 Executing VM operation: G1PauseRemark done
Event: 25.416 Executing VM operation: HandshakeAllThreads (Deoptimize)
Event: 25.527 Executing VM operation: HandshakeAllThreads (Deoptimize) done
Event: 25.527 Executing VM operation: G1PauseCleanup
Event: 25.535 Executing VM operation: G1PauseCleanup done
Event: 25.535 Executing VM operation: HandshakeAllThreads (Deoptimize)
Event: 25.545 Executing VM operation: HandshakeAllThreads (Deoptimize) done
Event: 25.566 Executing VM operation: HandshakeAllThreads (Deoptimize)
Event: 25.583 Executing VM operation: HandshakeAllThreads (Deoptimize) done
Event: 25.584 Executing VM operation: G1CollectForAllocation (G1 Evacuation Pause)
Event: 25.593 Executing VM operation: G1CollectForAllocation (G1 Evacuation Pause) done
Event: 25.603 Executing VM operation: HandshakeAllThreads (Deoptimize)
Event: 25.604 Executing VM operation: HandshakeAllThreads (Deoptimize) done
Event: 25.688 Executing VM operation: ICBufferFull
Event: 25.689 Executing VM operation: ICBufferFull done
Event: 25.722 Executing VM operation: HandshakeAllThreads (Deoptimize)
Event: 25.739 Executing VM operation: HandshakeAllThreads (Deoptimize) done
Event: 25.814 Executing VM operation: G1CollectForAllocation (G1 Evacuation Pause)

Memory protections (0 events):
No events

Nmethod flushes (20 events):
Event: 25.396 Thread 0x00000243fe8d8240 flushing  nmethod 0x0000024380f82190
Event: 25.396 Thread 0x00000243fe8d8240 flushing  nmethod 0x0000024380fcb010
Event: 25.396 Thread 0x00000243fe8d8240 flushing  nmethod 0x00000243812cb590
Event: 25.396 Thread 0x00000243fe8d8240 flushing  nmethod 0x0000024381c52090
Event: 25.396 Thread 0x00000243fe8d8240 flushing  nmethod 0x0000024381c58890
Event: 25.396 Thread 0x00000243fe8d8240 flushing  nmethod 0x0000024381cb5a90
Event: 25.396 Thread 0x00000243fe8d8240 flushing  nmethod 0x0000024381d6f110
Event: 25.396 Thread 0x00000243fe8d8240 flushing  nmethod 0x0000024381dcc810
Event: 25.396 Thread 0x00000243fe8d8240 flushing  nmethod 0x0000024381dccd90
Event: 25.396 Thread 0x00000243fe8d8240 flushing  nmethod 0x0000024381dcf690
Event: 25.396 Thread 0x00000243fe8d8240 flushing  nmethod 0x0000024381dd5790
Event: 25.396 Thread 0x00000243fe8d8240 flushing  nmethod 0x0000024381ddb290
Event: 25.396 Thread 0x00000243fe8d8240 flushing  nmethod 0x0000024381ddcd10
Event: 25.396 Thread 0x00000243fe8d8240 flushing  nmethod 0x0000024381ddd490
Event: 25.396 Thread 0x00000243fe8d8240 flushing  nmethod 0x0000024381dddd10
Event: 25.396 Thread 0x00000243fe8d8240 flushing  nmethod 0x0000024381dde210
Event: 25.396 Thread 0x00000243fe8d8240 flushing  nmethod 0x0000024381ddea90
Event: 25.396 Thread 0x00000243fe8d8240 flushing  nmethod 0x0000024381ed7210
Event: 25.396 Thread 0x00000243fe8d8240 flushing  nmethod 0x0000024381f75e10
Event: 25.396 Thread 0x00000243fe8d8240 flushing  nmethod 0x0000024381ffdc90

Events (20 events):
Event: 21.654 Thread 0x00000243fe7b53b0 Thread added: 0x0000024396aa75d0
Event: 21.654 Thread 0x00000243fe7b53b0 Thread added: 0x0000024396a42570
Event: 21.832 Thread 0x0000024396ac3360 Thread added: 0x000002439c0386c0
Event: 21.846 Thread 0x000002439f1c1c60 Thread added: 0x0000024395b76f00
Event: 21.847 Thread 0x000002439f1c1c60 Thread added: 0x0000024395b782b0
Event: 21.847 Thread 0x000002439f1c1c60 Thread added: 0x0000024395b77590
Event: 21.847 Thread 0x000002439f1c1c60 Thread added: 0x0000024395b77c20
Event: 21.847 Thread 0x000002439f1c1c60 Thread added: 0x0000024395b78940
Event: 21.848 Thread 0x000002439f1c1c60 Thread added: 0x0000024395b761e0
Event: 21.848 Thread 0x000002439f1c1c60 Thread added: 0x0000024395b754c0
Event: 21.848 Thread 0x000002439f1c1c60 Thread added: 0x0000024395b78fd0
Event: 21.849 Thread 0x000002439f1c1c60 Thread added: 0x0000024395b76870
Event: 21.849 Thread 0x000002439f1c1c60 Thread added: 0x0000024396abf1c0
Event: 21.849 Thread 0x000002439f1c1c60 Thread added: 0x0000024396abca60
Event: 21.849 Thread 0x000002439f1c1c60 Thread added: 0x0000024396abfee0
Event: 21.849 Thread 0x000002439f1c1c60 Thread added: 0x0000024396ac0570
Event: 21.850 Thread 0x000002439f1c1c60 Thread added: 0x0000024396abe4a0
Event: 21.850 Thread 0x000002439f1c1c60 Thread added: 0x0000024396abd780
Event: 22.567 Thread 0x00000243fe9e15a0 Thread added: 0x000002439ba19cb0
Event: 22.581 Thread 0x00000243fe9e15a0 Thread added: 0x000002439ba16630


Dynamic libraries:
0x00007ff7b3620000 - 0x00007ff7b362a000 	C:\Program Files\Android\Android Studio\jbr\bin\java.exe
0x00007fffd96e0000 - 0x00007fffd9948000 	C:\WINDOWS\SYSTEM32\ntdll.dll
0x00007fffd8860000 - 0x00007fffd8929000 	C:\WINDOWS\System32\KERNEL32.DLL
0x00007fffd6d20000 - 0x00007fffd7111000 	C:\WINDOWS\System32\KERNELBASE.dll
0x00007fffd6b20000 - 0x00007fffd6c6b000 	C:\WINDOWS\System32\ucrtbase.dll
0x00007fff94490000 - 0x00007fff944a8000 	C:\Program Files\Android\Android Studio\jbr\bin\jli.dll
0x00007fffd0560000 - 0x00007fffd057b000 	C:\Program Files\Android\Android Studio\jbr\bin\VCRUNTIME140.dll
0x00007fffd8a90000 - 0x00007fffd8c56000 	C:\WINDOWS\System32\USER32.dll
0x00007fffbdde0000 - 0x00007fffbe073000 	C:\WINDOWS\WinSxS\amd64_microsoft.windows.common-controls_6595b64144ccf1df_6.0.26100.7824_none_3e0870b2e3345462\COMCTL32.dll
0x00007fffd68c0000 - 0x00007fffd68e7000 	C:\WINDOWS\System32\win32u.dll
0x00007fffd82e0000 - 0x00007fffd8389000 	C:\WINDOWS\System32\msvcrt.dll
0x00007fffd80f0000 - 0x00007fffd811b000 	C:\WINDOWS\System32\GDI32.dll
0x00007fffd7120000 - 0x00007fffd724b000 	C:\WINDOWS\System32\gdi32full.dll
0x00007fffd6a70000 - 0x00007fffd6b13000 	C:\WINDOWS\System32\msvcp_win.dll
0x00007fffd7540000 - 0x00007fffd7571000 	C:\WINDOWS\System32\IMM32.DLL
0x00007fffd0520000 - 0x00007fffd052c000 	C:\Program Files\Android\Android Studio\jbr\bin\vcruntime140_1.dll
0x00007fff41d50000 - 0x00007fff41ddd000 	C:\Program Files\Android\Android Studio\jbr\bin\msvcp140.dll
0x00007fff4a400000 - 0x00007fff4b096000 	C:\Program Files\Android\Android Studio\jbr\bin\server\jvm.dll
0x00007fffd7480000 - 0x00007fffd7534000 	C:\WINDOWS\System32\ADVAPI32.dll
0x00007fffd8390000 - 0x00007fffd8436000 	C:\WINDOWS\System32\sechost.dll
0x00007fffd81a0000 - 0x00007fffd82b8000 	C:\WINDOWS\System32\RPCRT4.dll
0x00007fffd8a10000 - 0x00007fffd8a84000 	C:\WINDOWS\System32\WS2_32.dll
0x00007fffd5e20000 - 0x00007fffd5e7e000 	C:\WINDOWS\SYSTEM32\POWRPROF.dll
0x00007fffced10000 - 0x00007fffced1b000 	C:\WINDOWS\SYSTEM32\VERSION.dll
0x00007fffcd0a0000 - 0x00007fffcd0d5000 	C:\WINDOWS\SYSTEM32\WINMM.dll
0x00007fffd5e00000 - 0x00007fffd5e14000 	C:\WINDOWS\SYSTEM32\UMPDC.dll
0x00007fffd4d60000 - 0x00007fffd4d7b000 	C:\WINDOWS\SYSTEM32\kernel.appcore.dll
0x00007fffce090000 - 0x00007fffce09a000 	C:\Program Files\Android\Android Studio\jbr\bin\jimage.dll
0x00007fffc97e0000 - 0x00007fffc9a22000 	C:\WINDOWS\SYSTEM32\DBGHELP.DLL
0x00007fffd77f0000 - 0x00007fffd7b76000 	C:\WINDOWS\System32\combase.dll
0x00007fffd8930000 - 0x00007fffd8a07000 	C:\WINDOWS\System32\OLEAUT32.dll
0x00007fffbe350000 - 0x00007fffbe38b000 	C:\WINDOWS\SYSTEM32\dbgcore.DLL
0x00007fffd6c70000 - 0x00007fffd6d15000 	C:\WINDOWS\System32\bcryptPrimitives.dll
0x00007fff9ed40000 - 0x00007fff9ed4e000 	C:\Program Files\Android\Android Studio\jbr\bin\instrument.dll
0x00007fffcdcc0000 - 0x00007fffcdce0000 	C:\Program Files\Android\Android Studio\jbr\bin\java.dll
0x00007fffc3ec0000 - 0x00007fffc3ed8000 	C:\Program Files\Android\Android Studio\jbr\bin\zip.dll
0x00007fffd8d80000 - 0x00007fffd94d2000 	C:\WINDOWS\System32\SHELL32.dll
0x00007fffd7310000 - 0x00007fffd747a000 	C:\WINDOWS\System32\wintypes.dll
0x00007fffd6050000 - 0x00007fffd68b3000 	C:\WINDOWS\System32\windows.storage.dll
0x00007fffd8440000 - 0x00007fffd8536000 	C:\WINDOWS\System32\SHCORE.dll
0x00007fffd8730000 - 0x00007fffd8797000 	C:\WINDOWS\System32\shlwapi.dll
0x00007fffd5ee0000 - 0x00007fffd5f09000 	C:\WINDOWS\SYSTEM32\profapi.dll
0x00007fffcd840000 - 0x00007fffcd850000 	C:\Program Files\Android\Android Studio\jbr\bin\net.dll
0x00007fffcebe0000 - 0x00007fffced07000 	C:\WINDOWS\SYSTEM32\WINHTTP.dll
0x00007fffd52d0000 - 0x00007fffd533b000 	C:\WINDOWS\system32\mswsock.dll
0x00007fffc3ea0000 - 0x00007fffc3eb6000 	C:\Program Files\Android\Android Studio\jbr\bin\nio.dll
0x00007fffbc180000 - 0x00007fffbc190000 	C:\Program Files\Android\Android Studio\jbr\bin\verify.dll
0x00007fff765b0000 - 0x00007fff765d7000 	C:\Users\Alvin\.gradle\native\1def1411415f61bf3af743bc5b6707747c0891f09f0c88961ee8f79bc544acac\windows-amd64\native-platform.dll
0x00007fff38770000 - 0x00007fff387e7000 	C:\Users\Alvin\.gradle\native\0.2.8\x86_64-windows-gnu\gradle-fileevents.dll
0x00007fffc3320000 - 0x00007fffc3329000 	C:\Program Files\Android\Android Studio\jbr\bin\management.dll
0x00007fffbdb60000 - 0x00007fffbdb6b000 	C:\Program Files\Android\Android Studio\jbr\bin\management_ext.dll
0x00007fffd9690000 - 0x00007fffd9698000 	C:\WINDOWS\System32\PSAPI.DLL
0x00007fffd47f0000 - 0x00007fffd4824000 	C:\WINDOWS\SYSTEM32\IPHLPAPI.DLL
0x00007fffd8d60000 - 0x00007fffd8d6a000 	C:\WINDOWS\System32\NSI.dll
0x00007fffc3330000 - 0x00007fffc3339000 	C:\Program Files\Android\Android Studio\jbr\bin\extnet.dll
0x00007fffd55b0000 - 0x00007fffd55cb000 	C:\WINDOWS\SYSTEM32\CRYPTSP.dll
0x00007fffd4cc0000 - 0x00007fffd4cf9000 	C:\WINDOWS\system32\rsaenh.dll
0x00007fffd5380000 - 0x00007fffd53ab000 	C:\WINDOWS\SYSTEM32\USERENV.dll
0x00007fffd5eb0000 - 0x00007fffd5eda000 	C:\WINDOWS\SYSTEM32\bcrypt.dll
0x00007fffd55a0000 - 0x00007fffd55ac000 	C:\WINDOWS\SYSTEM32\CRYPTBASE.dll
0x00007fffa4000000 - 0x00007fffa4008000 	C:\WINDOWS\system32\wshunix.dll

JVMTI agents:
C:\Users\Alvin\.gradle\wrapper\dists\gradle-9.1.0-bin\9agqghryom9wkf8r80qlhnts3\gradle-9.1.0\lib\agents\gradle-instrumentation-agent-9.1.0.jar path:C:\Program Files\Android\Android Studio\jbr\bin\instrument.dll, loaded, initialized, instrumentlib options:none

dbghelp: loaded successfully - version: 4.0.5 - missing functions: none
symbol engine: initialized successfully - sym options: 0x614 - pdb path: .;C:\Program Files\Android\Android Studio\jbr\bin;C:\WINDOWS\SYSTEM32;C:\WINDOWS\WinSxS\amd64_microsoft.windows.common-controls_6595b64144ccf1df_6.0.26100.7824_none_3e0870b2e3345462;C:\Program Files\Android\Android Studio\jbr\bin\server;C:\Users\Alvin\.gradle\native\1def1411415f61bf3af743bc5b6707747c0891f09f0c88961ee8f79bc544acac\windows-amd64;C:\Users\Alvin\.gradle\native\0.2.8\x86_64-windows-gnu

VM Arguments:
jvm_args: --add-opens=java.base/java.lang=ALL-UNNAMED --add-opens=java.base/java.lang.invoke=ALL-UNNAMED --add-opens=java.base/java.util=ALL-UNNAMED --add-opens=java.prefs/java.util.prefs=ALL-UNNAMED --add-exports=jdk.compiler/com.sun.tools.javac.api=ALL-UNNAMED --add-exports=jdk.compiler/com.sun.tools.javac.util=ALL-UNNAMED --add-opens=java.base/java.util=ALL-UNNAMED --add-opens=java.prefs/java.util.prefs=ALL-UNNAMED --add-opens=java.base/java.nio.charset=ALL-UNNAMED --add-opens=java.base/java.net=ALL-UNNAMED --add-opens=java.base/java.util.concurrent=ALL-UNNAMED --add-opens=java.base/java.util.concurrent.atomic=ALL-UNNAMED --add-opens=java.xml/javax.xml.namespace=ALL-UNNAMED --add-opens=java.base/java.time=ALL-UNNAMED -Xmx2048m -Dfile.encoding=UTF-8 -Duser.country=CA -Duser.language=en -Duser.variant -javaagent:C:\Users\Alvin\.gradle\wrapper\dists\gradle-9.1.0-bin\9agqghryom9wkf8r80qlhnts3\gradle-9.1.0\lib\agents\gradle-instrumentation-agent-9.1.0.jar 
java_command: org.gradle.launcher.daemon.bootstrap.GradleDaemon 9.1.0
java_class_path (initial): C:\Users\Alvin\.gradle\wrapper\dists\gradle-9.1.0-bin\9agqghryom9wkf8r80qlhnts3\gradle-9.1.0\lib\gradle-daemon-main-9.1.0.jar
Launcher Type: SUN_STANDARD

[Global flags]
     intx CICompilerCount                          = 12                                        {product} {ergonomic}
     uint ConcGCThreads                            = 3                                         {product} {ergonomic}
     uint G1ConcRefinementThreads                  = 13                                        {product} {ergonomic}
   size_t G1HeapRegionSize                         = 1048576                                   {product} {ergonomic}
    uintx GCDrainStackTargetSize                   = 64                                        {product} {ergonomic}
   size_t InitialHeapSize                          = 257949696                                 {product} {ergonomic}
   size_t MarkStackSize                            = 4194304                                   {product} {ergonomic}
   size_t MaxHeapSize                              = 2147483648                                {product} {command line}
   size_t MaxNewSize                               = 1287651328                                {product} {ergonomic}
   size_t MinHeapDeltaBytes                        = 1048576                                   {product} {ergonomic}
   size_t MinHeapSize                              = 8388608                                   {product} {ergonomic}
    uintx NonNMethodCodeHeapSize                   = 7602480                                {pd product} {ergonomic}
    uintx NonProfiledCodeHeapSize                  = 122027880                              {pd product} {ergonomic}
    uintx ProfiledCodeHeapSize                     = 122027880                              {pd product} {ergonomic}
    uintx ReservedCodeCacheSize                    = 251658240                              {pd product} {ergonomic}
     bool SegmentedCodeCache                       = true                                      {product} {ergonomic}
   size_t SoftMaxHeapSize                          = 2147483648                             {manageable} {ergonomic}
     bool UseCompressedOops                        = true                           {product lp64_product} {ergonomic}
     bool UseG1GC                                  = true                                      {product} {ergonomic}
     bool UseLargePagesIndividualAllocation        = false                                  {pd product} {ergonomic}

Logging:
Log output configuration:
 #0: stdout all=warning uptime,level,tags foldmultilines=false
 #1: stderr all=off uptime,level,tags foldmultilines=false

Environment Variables:
PATH=C:\Program Files (x86)\Common Files\Oracle\Java\java8path;C:\Program Files (x86)\Common Files\Oracle\Java\javapath;C:\Windows\system32;C:\Windows;C:\Windows\System32\Wbem;C:\Windows\System32\WindowsPowerShell\v1.0\;C:\Windows\System32\OpenSSH\;C:\Program Files\dotnet\;C:\Program Files (x86)\NVIDIA Corporation\PhysX\Common;C:\WINDOWS\system32;C:\WINDOWS;C:\WINDOWS\System32\Wbem;C:\WINDOWS\System32\WindowsPowerShell\v1.0\;C:\WINDOWS\System32\OpenSSH\;C:\Program Files\Git\cmd;C:\Users\Alvin\AppData\Local\Programs\Python\Python313\;C:\Users\Alvin\AppData\Local\Programs\Python\Python313\Scripts\;C:\Program Files\NVIDIA Corporation\NVIDIA app\NvDLISR;C:\Program Files\Steel Bank Common Lisp\;C:\Program Files\MATLAB\R2025b\bin;C:\Users\Alvin\AppData\Local\Programs\Python\Python313\Scripts\;C:\Users\Alvin\AppData\Local\Programs\Python\Python313\;C:\Users\Alvin\AppData\Local\Microsoft\WindowsApps;C:\Users\Alvin\AppData\Local\Programs\Microsoft VS Code\bin;C:\msys64\ucrt64\bin;C:\Users\Alvin\AppData\Local\Programs\mongosh\;
USERNAME=Alvin
OS=Windows_NT
PROCESSOR_IDENTIFIER=AMD64 Family 25 Model 80 Stepping 0, AuthenticAMD
TMP=C:\Users\Alvin\AppData\Local\Temp
TEMP=C:\Users\Alvin\AppData\Local\Temp




Periodic native trim disabled

JNI global refs:
JNI global refs: 46, weak refs: 153

JNI global refs memory usage: 835, weak refs: 2097

Process memory usage:
Resident Set Size: 959892K (5% of 16097532K total physical memory with 1708792K free physical memory)

OOME stack traces (most recent first):
Classloader memory used:
Loader org.gradle.internal.classloader.VisitableURLClassLoader$InstrumentingVisitableURLClassLoader: 53048K
Loader org.gradle.internal.classloader.VisitableURLClassLoader                         : 51999K
Loader bootstrap                                                                       : 30075K
Loader org.gradle.initialization.MixInLegacyTypesClassLoader                           : 13157K
Loader jdk.internal.loader.ClassLoaders$PlatformClassLoader                            : 443K
Loader jdk.internal.reflect.DelegatingClassLoader                                      : 384K
Loader jdk.internal.loader.ClassLoaders$AppClassLoader                                 : 233K
Loader org.gradle.internal.classloader.VisitableURLClassLoader                         : 173K
Loader org.gradle.groovy.scripts.internal.DefaultScriptCompilationHandler$ScriptClassLoader: 126K

Classes loaded by more than one classloader:
Class Program                                                                         : loaded 5 times (x 72B)
Class Build_gradle                                                                    : loaded 3 times (x 126B)
Class com.google.common.collect.RegularImmutableMap$KeySet                            : loaded 2 times (x 152B)
Class org.gradle.internal.classloader.FilteringClassLoader                            : loaded 2 times (x 105B)
Class com.google.common.io.FileWriteMode                                              : loaded 2 times (x 79B)
Class [Lcom.google.common.base.AbstractIterator$State;                                : loaded 2 times (x 69B)
Class com.google.common.base.CharMatcher$IsEither                                     : loaded 2 times (x 111B)
Class org.gradle.internal.classloader.ClassLoaderHierarchy                            : loaded 2 times (x 70B)
Class com.google.common.collect.AbstractMapBasedMultimap$WrappedCollection            : loaded 2 times (x 124B)
Class com.google.common.collect.ImmutableEnumSet                                      : loaded 2 times (x 146B)
Class com.google.common.util.concurrent.ExecutionError                                : loaded 2 times (x 82B)
Class com.google.common.collect.ImmutableList$1                                       : loaded 2 times (x 97B)
Class org.gradle.api.internal.classpath.ManifestUtil                                  : loaded 2 times (x 71B)
Class com.google.common.io.ByteArrayDataOutput                                        : loaded 2 times (x 70B)
Class com.google.common.collect.RegularImmutableMap                                   : loaded 2 times (x 121B)
Class com.google.common.collect.ImmutableMap$MapViewOfValuesAsSingletonSets           : loaded 2 times (x 126B)
Class [Lorg.objectweb.asm.Symbol;                                                     : loaded 2 times (x 69B)
Class org.objectweb.asm.ClassVisitor                                                  : loaded 2 times (x 88B)
Class com.google.common.collect.UnmodifiableListIterator                              : loaded 2 times (x 95B)
Class com.google.common.base.Platform$JdkPatternCompiler                              : loaded 2 times (x 75B)
Class org.objectweb.asm.MethodTooLargeException                                       : loaded 2 times (x 83B)
Class [Lcom.google.common.cache.CacheBuilder$OneWeigher;                              : loaded 2 times (x 69B)
Class com.google.common.base.Suppliers                                                : loaded 2 times (x 71B)
Class org.gradle.internal.classloader.DefaultClassLoaderFactory                       : loaded 2 times (x 82B)
Class com.google.common.base.CharMatcher$None                                         : loaded 2 times (x 112B)
Class org.gradle.internal.classloader.ClassLoaderVisitor                              : loaded 2 times (x 76B)
Class [Lcom.google.common.collect.ImmutableMapEntry;                                  : loaded 2 times (x 69B)
Class org.gradle.api.internal.classpath.EffectiveClassPath                            : loaded 2 times (x 90B)
Class com.google.common.collect.ListMultimap                                          : loaded 2 times (x 70B)
Class com.google.common.collect.ImmutableEnumMap                                      : loaded 2 times (x 126B)
Class com.google.common.base.Splitter                                                 : loaded 2 times (x 72B)
Class com.google.common.collect.Sets$1                                                : loaded 2 times (x 139B)
Class org.objectweb.asm.AnnotationVisitor                                             : loaded 2 times (x 78B)
Class org.gradle.api.internal.DefaultClassPathProvider                                : loaded 2 times (x 76B)
Class com.google.common.collect.Maps$ViewCachingAbstractMap                           : loaded 2 times (x 125B)
Class com.google.common.collect.Sets$2                                                : loaded 2 times (x 139B)
Class [Lorg.gradle.api.internal.ClassPathProvider;                                    : loaded 2 times (x 69B)
Class org.gradle.api.internal.ClassPathProvider                                       : loaded 2 times (x 70B)
Class com.google.common.base.AbstractIterator$State                                   : loaded 2 times (x 79B)
Class [Lorg.objectweb.asm.AnnotationVisitor;                                          : loaded 2 times (x 69B)
Class com.google.common.collect.Sets$3                                                : loaded 2 times (x 139B)
Class com.google.common.cache.LocalCache$LocalLoadingCache                            : loaded 2 times (x 134B)
Class org.gradle.internal.service.UnknownServiceException                             : loaded 2 times (x 83B)
Class com.google.common.io.ByteArrayDataInput                                         : loaded 2 times (x 70B)
Class com.google.common.collect.Sets$4                                                : loaded 2 times (x 139B)
Class org.objectweb.asm.ModuleVisitor                                                 : loaded 2 times (x 81B)
Class com.google.common.cache.LocalCache$Strength$1                                   : loaded 2 times (x 81B)
Class com.google.common.util.concurrent.SettableFuture                                : loaded 2 times (x 114B)
Class com.google.common.cache.LocalCache$Strength$2                                   : loaded 2 times (x 81B)
Class com.google.common.io.ByteStreams                                                : loaded 2 times (x 71B)
Class com.google.common.collect.TransformedIterator                                   : loaded 2 times (x 80B)
Class com.google.common.base.Splitter$1                                               : loaded 2 times (x 77B)
Class com.google.common.cache.LocalCache$Strength$3                                   : loaded 2 times (x 81B)
Class com.google.common.collect.MapDifference                                         : loaded 2 times (x 70B)
Class org.objectweb.asm.FieldWriter                                                   : loaded 2 times (x 78B)
Class com.google.common.cache.CacheBuilder$NullListener                               : loaded 2 times (x 82B)
Class org.gradle.internal.classpath.TransformedClassPath                              : loaded 2 times (x 96B)
Class org.gradle.internal.classloader.InstrumentingClassLoader                        : loaded 2 times (x 70B)
Class com.google.common.cache.CacheLoader$FunctionToCacheLoader                       : loaded 2 times (x 75B)
Class com.google.common.collect.Iterators$ArrayItr                                    : loaded 2 times (x 97B)
Class com.google.common.base.PairwiseEquivalence                                      : loaded 2 times (x 83B)
Class com.google.common.base.Joiner                                                   : loaded 2 times (x 79B)
Class com.google.common.base.MoreObjects                                              : loaded 2 times (x 71B)
Class com.google.common.collect.Platform                                              : loaded 2 times (x 71B)
Class [Lorg.objectweb.asm.Type;                                                       : loaded 2 times (x 69B)
Class com.google.common.collect.UnmodifiableIterator                                  : loaded 2 times (x 80B)
Class ijJvmDebugger1_buge42s24algvg9l7u7v9yiy4                                        : loaded 2 times (x 171B)
Class org.gradle.internal.service.ServiceLocator                                      : loaded 2 times (x 70B)
Class com.google.common.base.Ascii                                                    : loaded 2 times (x 71B)
Class com.google.common.collect.SingletonImmutableBiMap                               : loaded 2 times (x 143B)
Class com.google.common.cache.LocalCache$1                                            : loaded 2 times (x 89B)
Class com.google.common.collect.Iterators$SingletonIterator                           : loaded 2 times (x 81B)
Class com.google.common.collect.AbstractMapEntry                                      : loaded 2 times (x 81B)
Class com.google.common.collect.Sets$ImprovedAbstractSet                              : loaded 2 times (x 135B)
Class com.google.common.collect.ImmutableList$Builder                                 : loaded 2 times (x 77B)
Class com.google.common.collect.AbstractMultimap                                      : loaded 2 times (x 123B)
Class com.google.common.cache.LocalCache$2                                            : loaded 2 times (x 142B)
Class com.google.common.collect.RegularImmutableAsList                                : loaded 2 times (x 217B)
Class com.google.common.util.concurrent.AbstractFuture$Trusted                        : loaded 2 times (x 70B)
Class com.google.common.collect.Iterators                                             : loaded 2 times (x 71B)
Class com.google.common.io.ByteSink$AsCharSink                                        : loaded 2 times (x 80B)
Class com.google.common.collect.Lists$StringAsImmutableList                           : loaded 2 times (x 207B)
Class com.google.common.util.concurrent.UncheckedExecutionException                   : loaded 2 times (x 82B)
Class org.gradle.kotlin.dsl.VersionCatalogAccessorsKt                                 : loaded 2 times (x 71B)
Class org.gradle.internal.InternalTransformer                                         : loaded 2 times (x 70B)
Class com.google.common.collect.AbstractMapBasedMultimap$KeySet$1                     : loaded 2 times (x 82B)
Class org.objectweb.asm.ClassWriter                                                   : loaded 2 times (x 106B)
Class com.google.common.cache.CacheLoader$UnsupportedLoadingOperationException        : loaded 2 times (x 82B)
Class com.google.common.base.CharMatcher$And                                          : loaded 2 times (x 112B)
Class org.gradle.internal.classloader.ClasspathUtil$1                                 : loaded 2 times (x 76B)
Class org.objectweb.asm.FieldVisitor                                                  : loaded 2 times (x 77B)
Class com.google.common.collect.IndexedImmutableSet                                   : loaded 2 times (x 152B)
Class com.google.common.collect.ImmutableMap$1                                        : loaded 2 times (x 81B)
Class com.google.common.collect.BiMap                                                 : loaded 2 times (x 70B)
Class org.gradle.api.internal.classpath.DefaultModuleRegistry$DefaultModule           : loaded 2 times (x 86B)
Class com.google.common.primitives.Ints                                               : loaded 2 times (x 71B)
Class com.google.common.collect.AbstractIterator                                      : loaded 2 times (x 82B)
Class com.google.common.collect.ObjectArrays                                          : loaded 2 times (x 71B)
Class com.google.common.math.MathPreconditions                                        : loaded 2 times (x 71B)
Class com.google.common.collect.Multiset                                              : loaded 2 times (x 70B)
Class com.google.common.collect.ArrayListMultimapGwtSerializationDependencies         : loaded 2 times (x 172B)
Class com.google.common.collect.AbstractIndexedListIterator                           : loaded 2 times (x 96B)
Class com.google.common.collect.ImmutableMapEntrySet                                  : loaded 2 times (x 152B)
Class org.gradle.api.internal.classpath.Module                                        : loaded 2 times (x 70B)
Class com.google.common.cache.Weigher                                                 : loaded 2 times (x 70B)
Class org.gradle.api.internal.classpath.UnknownModuleException                        : loaded 2 times (x 82B)
Class com.google.common.base.Stopwatch                                                : loaded 2 times (x 72B)
Class com.google.common.cache.LocalCache$Strength                                     : loaded 2 times (x 81B)
Class com.google.common.cache.Cache                                                   : loaded 2 times (x 70B)
Class com.google.common.base.NullnessCasts                                            : loaded 2 times (x 71B)
Class com.google.common.util.concurrent.AbstractFuture$Cancellation                   : loaded 2 times (x 72B)
Class com.google.common.collect.ImmutableMap$Builder                                  : loaded 2 times (x 82B)
Class com.google.common.collect.AbstractMapBasedMultimap$WrappedCollection$WrappedIterator: loaded 2 times (x 84B)
Class com.google.common.cache.RemovalListener                                         : loaded 2 times (x 70B)
Class org.gradle.api.internal.DefaultClassPathRegistry                                : loaded 2 times (x 76B)
Class com.google.common.primitives.IntsMethodsForWeb                                  : loaded 2 times (x 71B)
Class com.google.common.collect.Multimap                                              : loaded 2 times (x 70B)
Class org.gradle.api.internal.ClassPathRegistry                                       : loaded 2 times (x 70B)
Class org.gradle.internal.classpath.DefaultClassPath$ImmutableUniqueList              : loaded 2 times (x 199B)
Class com.google.common.collect.ImmutableCollection$Builder                           : loaded 2 times (x 76B)
Class com.google.common.io.ByteSink                                                   : loaded 2 times (x 76B)
Class com.google.common.cache.CacheBuilder                                            : loaded 2 times (x 72B)
Class com.google.common.collect.SingletonImmutableList                                : loaded 2 times (x 207B)
Class Settings_gradle$1                                                               : loaded 2 times (x 74B)
Class org.gradle.internal.classpath.ClassPath                                         : loaded 2 times (x 70B)
Class com.google.common.io.Files$FileByteSource                                       : loaded 2 times (x 85B)
Class com.google.common.base.JdkPattern                                               : loaded 2 times (x 75B)
Class com.google.common.collect.ImmutableList$ReverseImmutableList                    : loaded 2 times (x 209B)
Class org.objectweb.asm.SymbolTable$Entry                                             : loaded 2 times (x 74B)
Class org.objectweb.asm.Edge                                                          : loaded 2 times (x 72B)
Class com.google.common.base.Suppliers$SupplierOfInstance                             : loaded 2 times (x 79B)
Class com.google.common.collect.Iterators$1                                           : loaded 2 times (x 81B)
Class com.google.common.cache.LocalCache$ComputingValueReference                      : loaded 2 times (x 96B)
Class com.google.common.collect.SingletonImmutableSet                                 : loaded 2 times (x 146B)
Class com.google.common.collect.ImmutableMap$IteratorBasedImmutableMap                : loaded 2 times (x 126B)
Class com.google.common.cache.LocalCache$Segment                                      : loaded 2 times (x 154B)
Class com.google.common.collect.AbstractListMultimap                                  : loaded 2 times (x 172B)
Class [Lorg.objectweb.asm.SymbolTable$Entry;                                          : loaded 2 times (x 69B)
Class com.google.common.cache.CacheLoader                                             : loaded 2 times (x 74B)
Class com.google.common.collect.Iterators$4                                           : loaded 2 times (x 82B)
Class com.google.common.collect.ImmutableBiMap                                        : loaded 2 times (x 143B)
Class org.gradle.internal.installation.GradleInstallation$1                           : loaded 2 times (x 75B)
Class org.gradle.api.internal.classpath.ModuleRegistry                                : loaded 2 times (x 70B)
Class com.google.common.base.Splitter$SplittingIterator                               : loaded 2 times (x 84B)
Class com.google.common.collect.ImmutableSet$JdkBackedSetBuilderImpl                  : loaded 2 times (x 76B)
Class com.google.common.util.concurrent.internal.InternalFutureFailureAccess          : loaded 2 times (x 72B)
Class com.google.common.collect.Iterators$5                                           : loaded 2 times (x 82B)
Class com.google.common.cache.LocalCache$LocalManualCache$1                           : loaded 2 times (x 75B)
Class com.google.common.base.CharMatcher$ForPredicate                                 : loaded 2 times (x 112B)
Class com.google.common.base.CharMatcher$AnyOf                                        : loaded 2 times (x 112B)
Class com.google.common.collect.ImmutableCollection                                   : loaded 2 times (x 125B)
Class org.gradle.api.internal.classpath.DefaultModuleRegistry                         : loaded 2 times (x 86B)
Class com.google.common.collect.Lists                                                 : loaded 2 times (x 71B)
Class com.google.common.util.concurrent.ListenableFuture                              : loaded 2 times (x 70B)
Class com.google.common.cache.ReferenceEntry                                          : loaded 2 times (x 70B)
Class com.google.common.base.Converter                                                : loaded 2 times (x 90B)
Class com.google.common.collect.ImmutableSet$CachingAsList                            : loaded 2 times (x 148B)
Class com.google.common.collect.AbstractMapBasedMultimap                              : loaded 2 times (x 139B)
Class com.google.common.util.concurrent.AbstractFuture                                : loaded 2 times (x 106B)
Class com.google.common.base.FunctionalEquivalence                                    : loaded 2 times (x 83B)
Class com.google.common.collect.Iterators$9                                           : loaded 2 times (x 81B)
Class com.google.common.collect.ImmutableAsList                                       : loaded 2 times (x 209B)
Class org.objectweb.asm.RecordComponentVisitor                                        : loaded 2 times (x 77B)
Class com.google.common.cache.CacheLoader$SupplierToCacheLoader                       : loaded 2 times (x 75B)
Class com.google.common.collect.Maps$EntryTransformer                                 : loaded 2 times (x 70B)
Class org.gradle.internal.service.ServiceLookupException                              : loaded 2 times (x 82B)
Class [Lcom.google.common.cache.LocalCache$EntryFactory;                              : loaded 2 times (x 69B)
Class org.gradle.internal.classloader.ClassLoaderFactory                              : loaded 2 times (x 70B)
Class com.google.common.base.CommonPattern                                            : loaded 2 times (x 74B)
Class com.google.common.cache.LocalCache$LocalManualCache                             : loaded 2 times (x 99B)
Class com.google.common.base.CharMatcher$IsNot                                        : loaded 2 times (x 111B)
Class org.gradle.internal.service.CachingServiceLocator                               : loaded 2 times (x 82B)
Class com.google.common.collect.AbstractMapBasedMultimap$KeySet                       : loaded 2 times (x 137B)
Class com.google.common.math.IntMath                                                  : loaded 2 times (x 71B)
Class org.objectweb.asm.commons.InstructionAdapter                                    : loaded 2 times (x 188B)
Class com.google.common.collect.ImmutableMapEntry                                     : loaded 2 times (x 85B)
Class com.google.common.base.Equivalence                                              : loaded 2 times (x 82B)
Class com.google.common.base.Function                                                 : loaded 2 times (x 70B)
Class com.google.common.collect.ImmutableMapEntry$NonTerminalImmutableMapEntry        : loaded 2 times (x 85B)
Class com.google.common.cache.CacheBuilder$OneWeigher                                 : loaded 2 times (x 82B)
Class com.google.common.collect.RegularImmutableList                                  : loaded 2 times (x 213B)
Class org.gradle.internal.classloader.ClasspathUtil                                   : loaded 2 times (x 71B)
Class com.google.common.util.concurrent.Uninterruptibles                              : loaded 2 times (x 71B)
Class com.google.common.util.concurrent.LazyLogger                                    : loaded 2 times (x 72B)
Class com.google.common.collect.Maps                                                  : loaded 2 times (x 71B)
Class org.gradle.api.specs.Spec                                                       : loaded 2 times (x 70B)
Class [Lcom.google.common.collect.ImmutableEntry;                                     : loaded 2 times (x 69B)
Class com.google.common.cache.LocalCache$LoadingValueReference                        : loaded 2 times (x 96B)
Class com.google.common.base.Platform                                                 : loaded 2 times (x 71B)
Class com.google.common.collect.AbstractMapBasedMultimap$WrappedList                  : loaded 2 times (x 205B)
Class [Lorg.objectweb.asm.AnnotationWriter;                                           : loaded 2 times (x 69B)
Class com.google.common.collect.Maps$8                                                : loaded 2 times (x 82B)
Class com.google.common.collect.Sets$SetView                                          : loaded 2 times (x 138B)
Class com.google.common.cache.LocalCache$StrongValueReference                         : loaded 2 times (x 90B)
Class com.google.common.graph.SuccessorsFunction                                      : loaded 2 times (x 70B)
Class org.objectweb.asm.Type                                                          : loaded 2 times (x 72B)
Class org.gradle.internal.classloader.VisitableURLClassLoader$InstrumentingVisitableURLClassLoader: loaded 2 times (x 123B)
Class com.google.common.io.Files$FileByteSink                                         : loaded 2 times (x 77B)
Class com.google.common.math.IntMath$1                                                : loaded 2 times (x 71B)
Class org.objectweb.asm.ByteVector                                                    : loaded 2 times (x 79B)
Class [Lcom.google.common.cache.CacheBuilder$NullListener;                            : loaded 2 times (x 69B)
Class ijJvmDebugger1_buge42s24algvg9l7u7v9yiy4$_run_closure1$_closure2                : loaded 2 times (x 140B)
Class org.gradle.internal.classloader.VisitableURLClassLoader$Spec                    : loaded 2 times (x 74B)
Class org.gradle.internal.classpath.DefaultClassPath                                  : loaded 2 times (x 90B)
Class com.google.common.base.AbstractIterator                                         : loaded 2 times (x 80B)
Class org.objectweb.asm.Symbol                                                        : loaded 2 times (x 73B)
Class com.google.common.io.Closer                                                     : loaded 2 times (x 78B)
Class com.google.common.base.CharMatcher$BitSetMatcher                                : loaded 2 times (x 112B)
Class com.google.common.collect.RegularImmutableMap$Values                            : loaded 2 times (x 207B)
Class com.google.common.collect.ImmutableSet                                          : loaded 2 times (x 145B)
Class ijJvmDebugger1_buge42s24algvg9l7u7v9yiy4$_run_closure1                          : loaded 2 times (x 139B)
Class org.gradle.internal.classloader.ClassLoaderSpec                                 : loaded 2 times (x 71B)
Class org.objectweb.asm.AnnotationWriter                                              : loaded 2 times (x 79B)
Class com.google.common.cache.CacheStats                                              : loaded 2 times (x 71B)
Class com.google.common.io.Closer$Suppressor                                          : loaded 2 times (x 70B)
Class com.google.common.io.LineProcessor                                              : loaded 2 times (x 70B)
Class org.objectweb.asm.RecordComponentWriter                                         : loaded 2 times (x 78B)
Class com.google.common.util.concurrent.AbstractFuture$Listener                       : loaded 2 times (x 72B)
Class com.google.common.base.CharMatcher$Or                                           : loaded 2 times (x 112B)
Class Settings_gradle$1$1                                                             : loaded 2 times (x 74B)
Class org.objectweb.asm.Attribute                                                     : loaded 2 times (x 77B)
Class com.google.common.base.Supplier                                                 : loaded 2 times (x 70B)
Class org.gradle.internal.classloader.VisitableURLClassLoader                         : loaded 2 times (x 117B)
Class Settings_gradle                                                                 : loaded 2 times (x 124B)
Class org.gradle.internal.Cast                                                        : loaded 2 times (x 71B)
Class org.gradle.api.Action                                                           : loaded 2 times (x 70B)
Class com.google.common.base.Strings                                                  : loaded 2 times (x 71B)
Class com.google.common.collect.Sets                                                  : loaded 2 times (x 71B)
Class org.objectweb.asm.Handler                                                       : loaded 2 times (x 72B)
Class com.google.common.base.Ticker                                                   : loaded 2 times (x 72B)
Class com.google.common.base.CharMatcher$FastMatcher                                  : loaded 2 times (x 111B)
Class [Lcom.google.common.cache.LocalCache$Segment;                                   : loaded 2 times (x 69B)
Class [Lcom.google.common.cache.LocalCache$Strength;                                  : loaded 2 times (x 69B)
Class com.google.common.cache.CacheBuilder$1                                          : loaded 2 times (x 85B)
Class com.google.common.base.Predicate                                                : loaded 2 times (x 70B)
Class com.google.common.collect.ImmutableMap                                          : loaded 2 times (x 120B)
Class org.gradle.internal.classpath.DefaultClassPath$ImmutableUniqueList$Builder      : loaded 2 times (x 75B)
Class com.google.common.cache.LocalCache                                              : loaded 2 times (x 187B)
Class com.google.common.cache.CacheBuilder$2                                          : loaded 2 times (x 79B)
Class com.google.common.base.CharMatcher$NegatedFastMatcher                           : loaded 2 times (x 113B)
Class com.google.common.collect.ArrayListMultimap                                     : loaded 2 times (x 172B)
Class com.google.common.cache.CacheBuilder$3                                          : loaded 2 times (x 72B)
Class [Lcom.google.common.collect.AbstractMapEntry;                                   : loaded 2 times (x 69B)
Class com.google.common.collect.ImmutableEntry                                        : loaded 2 times (x 82B)
Class org.gradle.api.GradleException                                                  : loaded 2 times (x 82B)
Class com.google.common.base.Suppliers$MemoizingSupplier                              : loaded 2 times (x 79B)
Class com.google.common.collect.CollectPreconditions                                  : loaded 2 times (x 71B)
Class [Lcom.google.common.io.FileWriteMode;                                           : loaded 2 times (x 69B)
Class com.google.common.collect.SortedMapDifference                                   : loaded 2 times (x 70B)
Class com.google.common.io.Files                                                      : loaded 2 times (x 71B)
Class com.google.common.cache.LocalCache$EntryFactory                                 : loaded 2 times (x 83B)
Class com.google.common.cache.LocalCache$AbstractReferenceEntry                       : loaded 2 times (x 107B)
Class org.gradle.internal.IoActions                                                   : loaded 2 times (x 71B)
Class org.objectweb.asm.SymbolTable                                                   : loaded 2 times (x 72B)
Class com.google.common.cache.CacheLoader$InvalidCacheLoadException                   : loaded 2 times (x 82B)
Class com.google.common.collect.ImmutableSet$RegularSetBuilderImpl                    : loaded 2 times (x 77B)
Class ijKotlinCoroutineJvmDebugInit1_5eonzxq6hyqcuztc8jhsv95gt$_run_closure1          : loaded 2 times (x 139B)
Class org.gradle.internal.classloader.SystemClassLoaderSpec                           : loaded 2 times (x 71B)
Class com.google.common.cache.LocalCache$StrongEntry                                  : loaded 2 times (x 108B)
Class com.google.common.util.concurrent.AbstractFuture$TrustedFuture                  : loaded 2 times (x 114B)
Class com.google.common.cache.LoadingCache                                            : loaded 2 times (x 70B)
Class com.google.common.io.ByteStreams$LimitedInputStream                             : loaded 2 times (x 92B)
Class com.google.common.base.Suppliers$NonSerializableMemoizingSupplier               : loaded 2 times (x 79B)
Class org.objectweb.asm.MethodWriter                                                  : loaded 2 times (x 106B)
Class [Lcom.google.common.cache.Weigher;                                              : loaded 2 times (x 69B)
Class com.google.common.collect.RegularImmutableMap$BucketOverflowException           : loaded 2 times (x 82B)
Class com.google.common.collect.AbstractMapBasedMultimap$RandomAccessWrappedList      : loaded 2 times (x 205B)
Class com.google.common.collect.RegularImmutableBiMap                                 : loaded 2 times (x 149B)
Class com.google.common.cache.LocalCache$ValueReference                               : loaded 2 times (x 70B)
Class com.google.common.base.CharMatcher$Is                                           : loaded 2 times (x 111B)
Class com.google.common.base.CharMatcher$Negated                                      : loaded 2 times (x 113B)
Class com.google.common.base.PatternCompiler                                          : loaded 2 times (x 70B)
Class com.google.common.util.concurrent.AbstractFuture$Failure                        : loaded 2 times (x 72B)
Class com.google.common.base.Equivalence$Equals                                       : loaded 2 times (x 82B)
Class com.google.common.collect.Hashing                                               : loaded 2 times (x 71B)
Class com.google.common.base.Preconditions                                            : loaded 2 times (x 71B)
Class com.google.common.io.CharSink                                                   : loaded 2 times (x 79B)
Class com.google.common.base.Joiner$1                                                 : loaded 2 times (x 80B)
Class org.objectweb.asm.Label                                                         : loaded 2 times (x 73B)
Class org.objectweb.asm.CurrentFrame                                                  : loaded 2 times (x 73B)
Class org.objectweb.asm.ClassTooLargeException                                        : loaded 2 times (x 83B)
Class com.google.common.base.CharMatcher                                              : loaded 2 times (x 111B)
Class com.google.common.collect.PeekingIterator                                       : loaded 2 times (x 70B)
Class ijKotlinCoroutineJvmDebugInit1_5eonzxq6hyqcuztc8jhsv95gt$_run_closure1$_closure2: loaded 2 times (x 139B)
Class com.google.common.base.Joiner$2                                                 : loaded 2 times (x 79B)
Class org.objectweb.asm.Frame                                                         : loaded 2 times (x 73B)
Class org.objectweb.asm.MethodVisitor                                                 : loaded 2 times (x 105B)
Class com.google.common.cache.LocalCache$EntryFactory$1                               : loaded 2 times (x 83B)
Class [Lcom.google.common.cache.RemovalListener;                                      : loaded 2 times (x 69B)
Class com.google.common.base.CharMatcher$NamedFastMatcher                             : loaded 2 times (x 112B)
Class com.google.common.base.CharMatcher$1                                            : loaded 2 times (x 113B)
Class com.google.common.cache.LocalCache$EntryFactory$2                               : loaded 2 times (x 83B)
Class org.gradle.api.internal.classpath.GlobalCacheRootsProvider                      : loaded 2 times (x 70B)
Class org.objectweb.asm.ModuleWriter                                                  : loaded 2 times (x 82B)
Class com.google.common.cache.LocalCache$EntryFactory$3                               : loaded 2 times (x 83B)
Class com.google.common.base.Ticker$1                                                 : loaded 2 times (x 72B)
Class com.google.common.collect.Maps$BiMapConverter                                   : loaded 2 times (x 90B)
Class com.google.common.collect.ImmutableMapEntrySet$RegularEntrySet                  : loaded 2 times (x 152B)
Class com.google.common.collect.ImmutableSet$Builder                                  : loaded 2 times (x 85B)
Class com.google.common.cache.LocalCache$EntryFactory$4                               : loaded 2 times (x 83B)
Class com.google.common.base.CharMatcher$InRange                                      : loaded 2 times (x 111B)
Class com.google.common.io.ByteStreams$1                                              : loaded 2 times (x 85B)
Class com.google.common.cache.LocalCache$EntryFactory$5                               : loaded 2 times (x 83B)
Class ijKotlinCoroutineJvmDebugInit1_5eonzxq6hyqcuztc8jhsv95gt                        : loaded 2 times (x 171B)
Class com.google.common.base.Equivalence$Identity                                     : loaded 2 times (x 82B)
Class com.google.common.cache.LocalCache$EntryFactory$6                               : loaded 2 times (x 83B)
Class org.gradle.internal.installation.CurrentGradleInstallationLocator               : loaded 2 times (x 71B)
Class com.google.common.collect.Maps$KeySet                                           : loaded 2 times (x 137B)
Class com.google.common.collect.ImmutableSet$EmptySetBuilderImpl                      : loaded 2 times (x 76B)
Class com.google.common.cache.LocalCache$EntryFactory$7                               : loaded 2 times (x 83B)
Class com.google.common.collect.ImmutableList                                         : loaded 2 times (x 206B)
Class org.gradle.internal.service.DefaultServiceLocator                               : loaded 2 times (x 83B)
Class com.google.common.collect.Maps$EntrySet                                         : loaded 2 times (x 136B)
Class com.google.common.cache.LocalCache$EntryFactory$8                               : loaded 2 times (x 83B)
Class com.google.common.collect.ImmutableSet$SetBuilderImpl                           : loaded 2 times (x 76B)
Class org.gradle.internal.installation.CurrentGradleInstallation                      : loaded 2 times (x 73B)
Class com.google.common.cache.CacheLoader$1                                           : loaded 2 times (x 75B)
Class com.google.common.collect.ForwardingObject                                      : loaded 2 times (x 72B)
Class com.google.common.collect.ImmutableList$SubList                                 : loaded 2 times (x 209B)
Class org.gradle.util.internal.GUtil                                                  : loaded 2 times (x 71B)
Class com.google.common.io.ByteSource                                                 : loaded 2 times (x 84B)
Class com.google.common.cache.AbstractCache$StatsCounter                              : loaded 2 times (x 70B)
Class com.google.common.collect.Iterators$MergingIterator                             : loaded 2 times (x 81B)
Class com.google.common.collect.RegularImmutableSet                                   : loaded 2 times (x 149B)
Class org.gradle.internal.installation.GradleInstallation                             : loaded 2 times (x 75B)
Class com.google.common.base.Splitter$Strategy                                        : loaded 2 times (x 70B)
Class com.google.common.collect.Iterables                                             : loaded 2 times (x 71B)

---------------  S Y S T E M  ---------------

OS:
 Windows 11 , 64 bit Build 26100 (10.0.26100.7705)
OS uptime: 0 days 16:51 hours
Hyper-V role detected

CPU: total 16 (initial active 16) (16 cores per cpu, 2 threads per core) family 25 model 80 stepping 0 microcode 0xa500011, cx8, cmov, fxsr, ht, mmx, 3dnowpref, sse, sse2, sse3, ssse3, sse4a, sse4.1, sse4.2, popcnt, lzcnt, tsc, tscinvbit, avx, avx2, aes, erms, clmul, bmi1, bmi2, adx, sha, fma, vzeroupper, clflush, clflushopt, hv, rdtscp, rdpid, fsrm, f16c, cet_ss
Processor Information for processor 0
  Max Mhz: 3201, Current Mhz: 3201, Mhz Limit: 3201
Processor Information for processor 1
  Max Mhz: 3201, Current Mhz: 1990, Mhz Limit: 3201
Processor Information for processor 2
  Max Mhz: 3201, Current Mhz: 3201, Mhz Limit: 3201
Processor Information for processor 3
  Max Mhz: 3201, Current Mhz: 1990, Mhz Limit: 3201
Processor Information for processor 4
  Max Mhz: 3201, Current Mhz: 3201, Mhz Limit: 3201
Processor Information for processor 5
  Max Mhz: 3201, Current Mhz: 1990, Mhz Limit: 3201
Processor Information for processor 6
  Max Mhz: 3201, Current Mhz: 3201, Mhz Limit: 3201
Processor Information for processor 7
  Max Mhz: 3201, Current Mhz: 1990, Mhz Limit: 3201
Processor Information for processor 8
  Max Mhz: 3201, Current Mhz: 1990, Mhz Limit: 3201
Processor Information for processor 9
  Max Mhz: 3201, Current Mhz: 1990, Mhz Limit: 3201
Processor Information for processor 10
  Max Mhz: 3201, Current Mhz: 3201, Mhz Limit: 3201
Processor Information for processor 11
  Max Mhz: 3201, Current Mhz: 1990, Mhz Limit: 3201
Processor Information for processor 12
  Max Mhz: 3201, Current Mhz: 1990, Mhz Limit: 3201
Processor Information for processor 13
  Max Mhz: 3201, Current Mhz: 1990, Mhz Limit: 3201
Processor Information for processor 14
  Max Mhz: 3201, Current Mhz: 3201, Mhz Limit: 3201
Processor Information for processor 15
  Max Mhz: 3201, Current Mhz: 1990, Mhz Limit: 3201

Memory: 4k page, system-wide physical 15720M (1666M free)
TotalPageFile size 25277M (AvailPageFile size 175M)
current process WorkingSet (physical memory assigned to process): 938M, peak: 967M
current process commit charge ("private bytes"): 989M, peak: 1473M

vm_info: OpenJDK 64-Bit Server VM (21.0.8+-14196175-b1038.72) for windows-amd64 JRE (21.0.8+-14196175-b1038.72), built on 2025-10-01T10:24:33Z by "builder" with MS VC++ 16.10 / 16.11 (VS2019)

END.
